epoch, 0, r2, -0.4444508442352936, mae, 90.09194542583981, mse, 134724.52916582942, nmse, 16.57155990600586
epoch, 1, r2, -0.4324162333455752, mae, 89.77152580486226, mse, 134494.51036543178, nmse, 16.54326629638672
epoch, 2, r2, -0.4245922080113512, mae, 89.57685157104301, mse, 134359.89265460166, nmse, 16.52670669555664
epoch, 3, r2, -0.4155143665548365, mae, 89.37246980760862, mse, 134243.24063859927, nmse, 16.512357711791992
epoch, 4, r2, -0.4060449688365253, mae, 89.12031472941612, mse, 134058.41352704196, nmse, 16.4896240234375
epoch, 5, r2, -0.3957481920052828, mae, 88.87246230613769, mse, 133929.21898483945, nmse, 16.47373390197754
epoch, 6, r2, -0.3853630334586021, mae, 88.61690684592116, mse, 133728.42322840414, nmse, 16.449033737182617
epoch, 7, r2, -0.3698384524856671, mae, 88.2732735743791, mse, 133540.77175285332, nmse, 16.425952911376953
epoch, 8, r2, -0.3561134920364809, mae, 87.94256278737727, mse, 133122.8752165289, nmse, 16.374549865722656
epoch, 9, r2, -0.3414775290317204, mae, 87.6589021858304, mse, 132934.2292690301, nmse, 16.351346969604492
epoch, 10, r2, -0.33061548055767714, mae, 87.34006975598373, mse, 132756.52512942426, nmse, 16.32948875427246
epoch, 11, r2, -0.3179699764762363, mae, 86.94956902170735, mse, 132644.85548512696, nmse, 16.315752029418945
epoch, 12, r2, -0.30351219513694133, mae, 86.58689487106146, mse, 132357.01646698653, nmse, 16.28034782409668
epoch, 13, r2, -0.2912132029657118, mae, 86.14340609089406, mse, 131990.42109867945, nmse, 16.235254287719727
epoch, 14, r2, -0.28137494159934523, mae, 85.77998426077725, mse, 131792.22409058435, nmse, 16.210874557495117
epoch, 15, r2, -0.2637916355654626, mae, 85.22601687582184, mse, 131399.36112401585, nmse, 16.162551879882812
epoch, 16, r2, -0.25098368934636484, mae, 84.71684155383208, mse, 131100.33906997668, nmse, 16.12577247619629
epoch, 17, r2, -0.24083736905828285, mae, 84.20182447390859, mse, 130976.64177669767, nmse, 16.11055564880371
epoch, 18, r2, -0.21803982494750213, mae, 83.57570647954728, mse, 130546.4628245513, nmse, 16.057641983032227
epoch, 19, r2, -0.20187224015096936, mae, 82.97235581190913, mse, 129979.22849938578, nmse, 15.987871170043945
epoch, 20, r2, -0.19021454992820033, mae, 82.43302889151484, mse, 129837.46288617009, nmse, 15.970433235168457
epoch, 21, r2, -0.18809149035210335, mae, 81.75267912606452, mse, 129614.13351895193, nmse, 15.942963600158691
epoch, 22, r2, -0.15700971516894177, mae, 81.10016241457123, mse, 129633.45986778253, nmse, 15.945341110229492
epoch, 23, r2, -0.13842782854259905, mae, 80.53250256036412, mse, 129102.15672859689, nmse, 15.879988670349121
epoch, 24, r2, -0.13305903035571678, mae, 79.9012172064044, mse, 128898.3415822872, nmse, 15.85491943359375
epoch, 25, r2, -0.10825001308732861, mae, 79.27581666498125, mse, 128929.45370438194, nmse, 15.858745574951172
epoch, 26, r2, -0.10733673602733398, mae, 78.77447198466385, mse, 128634.87444000653, nmse, 15.822511672973633
epoch, 27, r2, -0.07488528033514519, mae, 77.81579644899479, mse, 127895.08977436683, nmse, 15.731514930725098
epoch, 28, r2, -0.0982721194564983, mae, 77.34995162109907, mse, 127675.76683495515, nmse, 15.704538345336914
epoch, 29, r2, -0.06405444332071923, mae, 76.56839990296248, mse, 126853.13900076531, nmse, 15.603352546691895
epoch, 30, r2, -0.06103315714959319, mae, 76.16938129327892, mse, 126974.92042057832, nmse, 15.618331909179688
epoch, 31, r2, -0.06584976312030123, mae, 75.36450819189363, mse, 126252.98920730953, nmse, 15.529532432556152
epoch, 32, r2, -0.05054520090468551, mae, 74.93747494465757, mse, 125998.80449861214, nmse, 15.498266220092773
epoch, 33, r2, -0.021674509078059324, mae, 74.34448100985747, mse, 125849.00966814124, nmse, 15.479840278625488
epoch, 34, r2, -0.0359304928336856, mae, 73.9353076690217, mse, 125558.41707097413, nmse, 15.444096565246582
epoch, 35, r2, -0.0002687198833546189, mae, 73.37409240928902, mse, 124953.64544090974, nmse, 15.369708061218262
epoch, 36, r2, -0.04282722444946323, mae, 73.02117031764729, mse, 124154.28585488777, nmse, 15.271384239196777
epoch, 37, r2, -0.035376607439722665, mae, 72.71489171496026, mse, 124708.4512718187, nmse, 15.33954906463623
epoch, 38, r2, 0.026001297612069724, mae, 72.0648134330003, mse, 124176.0315768732, nmse, 15.274059295654297
epoch, 39, r2, 0.004366712021106954, mae, 71.64067996164003, mse, 123149.04826761609, nmse, 15.147736549377441
epoch, 40, r2, -0.018051193542153517, mae, 71.23915289877993, mse, 123468.77466016707, nmse, 15.187064170837402
epoch, 41, r2, -0.003457314372032329, mae, 70.95595644140371, mse, 123375.22237725655, nmse, 15.175556182861328
epoch, 42, r2, 0.007238655104700459, mae, 70.88281822835259, mse, 122045.9152389915, nmse, 15.01204776763916
epoch, 43, r2, 0.03247459819756987, mae, 70.25581104979119, mse, 121463.43430766634, nmse, 14.940401077270508
epoch, 44, r2, 0.006529561824169983, mae, 69.92082351645367, mse, 121670.27318916969, nmse, 14.965842247009277
epoch, 45, r2, -0.03195926448199559, mae, 70.1200233277516, mse, 122285.41860031224, nmse, 15.041507720947266
epoch, 46, r2, 0.02220254179662315, mae, 69.80213300945292, mse, 121402.15999059191, nmse, 14.932863235473633
epoch, 47, r2, 0.04271297317233322, mae, 69.5299103725798, mse, 120524.73638473797, nmse, 14.82493782043457
epoch, 48, r2, -0.05026440652092344, mae, 68.96633973019372, mse, 119858.51103031782, nmse, 14.742989540100098
epoch, 49, r2, 0.03303100063645655, mae, 68.9461935536365, mse, 119521.89571719881, nmse, 14.70158576965332
epoch, 50, r2, -0.009440643245829413, mae, 68.89297498553006, mse, 120355.0699252663, nmse, 14.804068565368652
epoch, 51, r2, -0.07594281703873514, mae, 68.81490337428927, mse, 120311.04798035814, nmse, 14.798653602600098
epoch, 52, r2, -0.07783431739694155, mae, 68.85930613261232, mse, 119278.02698086695, nmse, 14.671587944030762
epoch, 53, r2, -0.06751194538192516, mae, 69.00183512233431, mse, 119089.22123611355, nmse, 14.648364067077637
epoch, 54, r2, -0.18396186877908943, mae, 68.37097388711543, mse, 118207.18415579434, nmse, 14.539872169494629
epoch, 55, r2, -0.2197636965019599, mae, 68.52121673614666, mse, 117423.49538279952, nmse, 14.443474769592285
epoch, 56, r2, -0.05392985807857824, mae, 68.60405509435672, mse, 118716.1844876464, nmse, 14.602479934692383
epoch, 57, r2, -0.18385241521763865, mae, 68.21994658121581, mse, 117494.10522126035, nmse, 14.452159881591797
epoch, 58, r2, -0.15382974705697763, mae, 68.59555619945475, mse, 117803.20132799548, nmse, 14.490180015563965
epoch, 59, r2, -0.04915274184019268, mae, 68.91450356908736, mse, 117978.22055297252, nmse, 14.51170825958252
epoch, 60, r2, -0.24873919339731146, mae, 68.44368028376547, mse, 116984.95027680861, nmse, 14.389533042907715
epoch, 61, r2, -0.500043400352387, mae, 68.47754050997136, mse, 116354.77633541949, nmse, 14.312018394470215
epoch, 62, r2, -0.034763395449752064, mae, 68.77441843303855, mse, 116581.29341891837, nmse, 14.339881896972656
epoch, 63, r2, -0.42380535618904974, mae, 68.14592412329871, mse, 114704.84630617853, nmse, 14.109071731567383
epoch, 64, r2, -0.20035487853012574, mae, 67.9738394455147, mse, 115556.94530204112, nmse, 14.213883399963379
epoch, 65, r2, -0.25631073212366506, mae, 68.58528128036758, mse, 114414.59415947826, nmse, 14.073369979858398
epoch, 66, r2, -0.315917283512324, mae, 68.72958631950154, mse, 117085.27562406265, nmse, 14.401872634887695
epoch, 67, r2, -0.39517091435150775, mae, 68.81008922655312, mse, 114159.269853055, nmse, 14.04196548461914
epoch, 68, r2, -0.279974717581027, mae, 68.50331316207327, mse, 114169.87120627778, nmse, 14.043269157409668
epoch, 69, r2, -0.24201557232434895, mae, 68.61535734555038, mse, 113503.55935402495, nmse, 13.961310386657715
epoch, 70, r2, -0.2948198414806319, mae, 68.59680834728442, mse, 115080.60864345083, nmse, 14.155292510986328
epoch, 71, r2, -0.22640473238017195, mae, 68.92897787886714, mse, 114681.59677795737, nmse, 14.10621166229248
epoch, 72, r2, -0.6898959863657121, mae, 68.65248126830237, mse, 113494.86108288667, nmse, 13.960240364074707
epoch, 73, r2, -0.40779523733948886, mae, 68.7690622992767, mse, 114364.54146356796, nmse, 14.06721305847168
epoch, 74, r2, -0.23666434585153218, mae, 69.06077359943544, mse, 114045.7561725579, nmse, 14.02800178527832
epoch, 75, r2, -0.750832367429605, mae, 69.16935262543693, mse, 114889.46531743517, nmse, 14.131781578063965
epoch, 76, r2, -0.45831712794116436, mae, 68.82624494179325, mse, 111485.8222612294, nmse, 13.71312141418457
epoch, 77, r2, -0.45757290180328913, mae, 68.82861566841869, mse, 111518.0845403731, nmse, 13.717090606689453
epoch, 78, r2, -0.6370197081200463, mae, 69.19745473086141, mse, 111712.84527508801, nmse, 13.741045951843262
epoch, 79, r2, -0.5542741827209298, mae, 69.52623762977879, mse, 110672.29438828953, nmse, 13.613055229187012
epoch, 80, r2, -0.3490130718543465, mae, 69.83446724970922, mse, 111714.03612560719, nmse, 13.741192817687988
epoch, 81, r2, -0.6561488834105924, mae, 69.8650030664507, mse, 112768.72921451845, nmse, 13.870923042297363
epoch, 82, r2, -0.5141132687330672, mae, 69.35134006752511, mse, 111364.78151049303, nmse, 13.698233604431152
epoch, 83, r2, -0.7705999904701504, mae, 69.54405151483094, mse, 110147.87462757374, nmse, 13.54854965209961
epoch, 84, r2, -0.5494448284326504, mae, 69.41464114832601, mse, 111860.05475266416, nmse, 13.759153366088867
epoch, 85, r2, -0.8967791409273587, mae, 70.23653051991671, mse, 110341.52436197262, nmse, 13.572369575500488
epoch, 86, r2, -0.8364509632039693, mae, 69.61794494359593, mse, 109730.99306836167, nmse, 13.497271537780762
epoch, 87, r2, -0.5843680995345494, mae, 69.50039763233298, mse, 107472.9699548602, nmse, 13.219527244567871
epoch, 88, r2, -0.5916254092807687, mae, 69.77596141262924, mse, 110983.39659619659, nmse, 13.651322364807129
epoch, 89, r2, -1.0094232054754204, mae, 69.74313046452826, mse, 110231.12331923142, nmse, 13.55879020690918
epoch, 90, r2, -0.8704914364803734, mae, 70.17378612139909, mse, 111329.77812386547, nmse, 13.693927764892578
epoch, 91, r2, -1.044432600468897, mae, 71.22048720614627, mse, 108213.50966615787, nmse, 13.310616493225098
epoch, 92, r2, -0.9489814458223209, mae, 71.41026009499122, mse, 110599.5904966489, nmse, 13.60411262512207
epoch, 93, r2, -1.6900912533984467, mae, 70.68468551720967, mse, 109069.83153583434, nmse, 13.415946960449219
epoch, 94, r2, -1.2421756817633585, mae, 70.39895992551774, mse, 109054.27870084952, nmse, 13.414033889770508
epoch, 95, r2, -1.7630153131437232, mae, 70.87422706213671, mse, 108528.8979001237, nmse, 13.349410057067871
epoch, 96, r2, -1.5967326886312045, mae, 70.78897870918594, mse, 109279.98631539571, nmse, 13.44179630279541
epoch, 97, r2, -0.8552266456748552, mae, 70.09526054324371, mse, 107959.42711500998, nmse, 13.279363632202148
epoch, 98, r2, -1.0306467117301272, mae, 70.49502664110935, mse, 107335.120868449, nmse, 13.202571868896484
epoch, 99, r2, -1.3639204914754568, mae, 70.92027592356446, mse, 107827.04231960102, nmse, 13.263079643249512
epoch, 100, r2, -1.531992450343511, mae, 70.96921419257879, mse, 109013.04485511269, nmse, 13.40896224975586
epoch, 101, r2, -1.4817514574074984, mae, 71.3904955442086, mse, 107800.69583504875, nmse, 13.259839057922363
epoch, 102, r2, -1.3797955153913788, mae, 71.76034172277987, mse, 109252.52254348224, nmse, 13.4384183883667
epoch, 103, r2, -1.0694243005565163, mae, 70.93423681029046, mse, 108186.59110130876, nmse, 13.307306289672852
epoch, 104, r2, -1.017243602408902, mae, 71.75879949223686, mse, 108101.47706912452, nmse, 13.296835899353027
epoch, 105, r2, -1.2300861944240562, mae, 71.06719404217172, mse, 107414.48566994893, nmse, 13.212333679199219
epoch, 106, r2, -1.5970414023747506, mae, 71.4008461711021, mse, 106739.66857928838, nmse, 13.129329681396484
epoch, 107, r2, -1.047324832876278, mae, 71.44371435831869, mse, 105911.34748595428, nmse, 13.027442932128906
epoch, 108, r2, -1.1228470684118257, mae, 71.38419882575778, mse, 107285.30131114315, nmse, 13.196444511413574
epoch, 109, r2, -0.8688505285736412, mae, 71.33293686867613, mse, 106029.66707077503, nmse, 13.041996002197266
epoch, 110, r2, -1.2681107106132035, mae, 71.77152733372407, mse, 106310.2716474736, nmse, 13.076512336730957
epoch, 111, r2, -1.0242622442916534, mae, 71.77383600700317, mse, 105822.86756981244, nmse, 13.016559600830078
epoch, 112, r2, -1.1135131226446273, mae, 72.11786543340743, mse, 106030.67594475768, nmse, 13.042120933532715
epoch, 113, r2, -1.7576783929635131, mae, 71.93675151668135, mse, 106346.92781392252, nmse, 13.081021308898926
epoch, 114, r2, -1.5536132327487253, mae, 72.07570969391551, mse, 106704.5356970084, nmse, 13.125008583068848
epoch, 115, r2, -1.112732384761026, mae, 72.07184711947198, mse, 106913.97598247443, nmse, 13.15077018737793
epoch, 116, r2, -1.6969054072017322, mae, 72.05195443679223, mse, 107953.78429473795, nmse, 13.278669357299805
epoch, 117, r2, -1.0888995061997295, mae, 72.00110133241819, mse, 104932.84650490551, nmse, 12.907083511352539
epoch, 118, r2, -1.2332117386652592, mae, 71.96836308708566, mse, 106461.51620844482, nmse, 13.095115661621094
epoch, 119, r2, -1.652849721349081, mae, 71.5648458843896, mse, 105860.42843702655, nmse, 13.021180152893066
epoch, 120, r2, -1.1184010219249243, mae, 72.05439046241004, mse, 108129.08530945424, nmse, 13.30023193359375
epoch, 121, r2, -1.3261990523058353, mae, 71.88727742502793, mse, 105628.75009644536, nmse, 12.992682456970215
epoch, 122, r2, -1.367569688447458, mae, 70.8004482761891, mse, 103201.96949021082, nmse, 12.694180488586426
epoch, 123, r2, -1.4204405479738509, mae, 72.39931659988254, mse, 105629.66530612812, nmse, 12.99279499053955
epoch, 124, r2, -1.4263257095568864, mae, 72.57895313617477, mse, 106736.96278932519, nmse, 13.128995895385742
epoch, 125, r2, -1.6744729798767553, mae, 72.00035920062163, mse, 106026.31670216414, nmse, 13.041584968566895
epoch, 126, r2, -1.1705892991989288, mae, 72.51795800561027, mse, 105598.74165335784, nmse, 12.988991737365723
epoch, 127, r2, -1.7064132950981, mae, 71.80993463057722, mse, 104893.5959489565, nmse, 12.90225601196289
epoch, 128, r2, -1.3262701815834341, mae, 72.28930568047353, mse, 106274.1471895356, nmse, 13.07206916809082
epoch, 129, r2, -2.01857781318628, mae, 73.20310644775336, mse, 104741.99178922788, nmse, 12.8836088180542
epoch, 130, r2, -1.5925698251878986, mae, 73.23918572307379, mse, 107632.96174156592, nmse, 13.23920726776123
epoch, 131, r2, -1.2397679681592266, mae, 73.01258456321355, mse, 102783.11063976407, nmse, 12.642659187316895
epoch, 132, r2, -1.489766338058471, mae, 73.75848890275589, mse, 104042.03021435504, nmse, 12.797511100769043
epoch, 133, r2, -1.3597193649024475, mae, 73.16626627055314, mse, 105730.70962800954, nmse, 13.005224227905273
epoch, 134, r2, -1.307352360255284, mae, 72.81220232100227, mse, 103716.6518208549, nmse, 12.757488250732422
epoch, 135, r2, -1.1174645827912908, mae, 73.99792996543768, mse, 103867.9986358888, nmse, 12.776104927062988
epoch, 136, r2, -1.3845299195786849, mae, 73.0425208668713, mse, 103720.03701822589, nmse, 12.757905006408691
epoch, 137, r2, -0.9921262340217316, mae, 72.60131508296254, mse, 102937.48759481449, nmse, 12.66164779663086
epoch, 138, r2, -1.849930829353091, mae, 73.56633088944531, mse, 104085.99821301443, nmse, 12.802919387817383
epoch, 139, r2, -1.299674685311324, mae, 73.8764689407144, mse, 106003.72482565435, nmse, 13.038805961608887
epoch, 140, r2, -1.5572510249965699, mae, 73.69773655738865, mse, 104572.63823759268, nmse, 12.862777709960938
epoch, 141, r2, -1.551177617770741, mae, 73.60261171560825, mse, 102329.47341232232, nmse, 12.586861610412598
epoch, 142, r2, -1.4252177669576558, mae, 72.9507189512892, mse, 103748.94526313734, nmse, 12.761460304260254
epoch, 143, r2, -1.1500908489287665, mae, 73.30114564733701, mse, 105872.53416104423, nmse, 13.022668838500977
epoch, 144, r2, -1.410630443737429, mae, 73.5649385443748, mse, 106380.48573778031, nmse, 13.085148811340332
epoch, 145, r2, -1.4459798104980024, mae, 72.48085303285274, mse, 102991.37701705647, nmse, 12.6682767868042
epoch, 146, r2, -1.292954719897572, mae, 72.10018799417887, mse, 101049.25324873938, nmse, 12.429388999938965
epoch, 147, r2, -1.258189571199971, mae, 72.84302433191185, mse, 102176.3216537571, nmse, 12.568022727966309
epoch, 148, r2, -1.4956642394429815, mae, 72.4921459491174, mse, 101803.8299244735, nmse, 12.522204399108887
epoch, 149, r2, -1.6176206073651078, mae, 73.15284817229434, mse, 103093.3775453951, nmse, 12.68082332611084
epoch, 150, r2, -1.321511131069513, mae, 72.83908281999577, mse, 101094.56614993507, nmse, 12.434962272644043
epoch, 151, r2, -1.7115637577897016, mae, 72.72875867303297, mse, 103348.89188894044, nmse, 12.712252616882324
epoch, 152, r2, -1.4605804785489584, mae, 72.7684915177837, mse, 101294.77322783142, nmse, 12.459589004516602
epoch, 153, r2, -1.2222833401278876, mae, 72.29222759011604, mse, 101873.58478413736, nmse, 12.53078556060791
epoch, 154, r2, -1.3117225701919326, mae, 72.68449004601963, mse, 99815.69233360256, nmse, 12.277657508850098
epoch, 155, r2, -1.606902345853071, mae, 73.46638962538569, mse, 102496.87644305873, nmse, 12.607451438903809
epoch, 156, r2, -1.5586239590264972, mae, 72.98059919696497, mse, 102268.48876823309, nmse, 12.579360008239746
epoch, 157, r2, -1.0704215390510896, mae, 72.29573473312473, mse, 101145.00879098247, nmse, 12.441167831420898
epoch, 158, r2, -1.5170047547673173, mae, 72.96190884430777, mse, 100592.61974091313, nmse, 12.373221397399902
epoch, 159, r2, -1.6459011540545314, mae, 73.29315572419904, mse, 103580.99907726735, nmse, 12.740802764892578
epoch, 160, r2, -1.14759004376092, mae, 73.146595647742, mse, 102136.22538880321, nmse, 12.563091278076172
epoch, 161, r2, -1.3017259528406935, mae, 72.709417141155, mse, 99391.97840145271, nmse, 12.225539207458496
epoch, 162, r2, -1.2757605748729912, mae, 72.57929784367401, mse, 100456.54505022883, nmse, 12.356484413146973
epoch, 163, r2, -1.2504571600642094, mae, 72.9496642249945, mse, 100539.20410331883, nmse, 12.36665153503418
epoch, 164, r2, -1.3924345723455, mae, 73.11758309399261, mse, 99118.24407675353, nmse, 12.191868782043457
epoch, 165, r2, -1.0118738838773096, mae, 72.24404690702437, mse, 99943.63442767896, nmse, 12.293395042419434
epoch, 166, r2, -1.3303298628603184, mae, 72.09796673618756, mse, 102190.677904728, nmse, 12.569788932800293
epoch, 167, r2, -1.3334270279652205, mae, 71.86469434511459, mse, 97659.78934485442, nmse, 12.012474060058594
epoch, 168, r2, -1.4467235282451774, mae, 73.20109473800318, mse, 100500.22938547142, nmse, 12.361857414245605
epoch, 169, r2, -1.651985937259186, mae, 72.58523403351812, mse, 98957.50328503319, nmse, 12.172097206115723
epoch, 170, r2, -1.8112265066440305, mae, 72.84773999828649, mse, 100280.95610869734, nmse, 12.33488655090332
epoch, 171, r2, -1.2436072561602916, mae, 72.84810059234647, mse, 101460.0824889373, nmse, 12.479923248291016
epoch, 172, r2, -1.6718978073548447, mae, 73.34307010930175, mse, 100163.50280409362, nmse, 12.320439338684082
epoch, 173, r2, -1.7085306194114824, mae, 72.91678069372918, mse, 99473.1926719686, nmse, 12.235528945922852
epoch, 174, r2, -1.4480252381671848, mae, 72.28351340920293, mse, 97336.06292886061, nmse, 11.972655296325684
epoch, 175, r2, -1.7663777808104073, mae, 72.3315661414166, mse, 98934.05947143446, nmse, 12.169214248657227
epoch, 176, r2, -1.553748769122032, mae, 74.09783864264195, mse, 101389.86393993879, nmse, 12.471285820007324
epoch, 177, r2, -1.3744206502360767, mae, 72.03187979884825, mse, 99307.74356808359, nmse, 12.215177536010742
epoch, 178, r2, -1.5152654045057885, mae, 72.86952620583843, mse, 100333.8082736945, nmse, 12.341386795043945
epoch, 179, r2, -1.3515021792679078, mae, 73.14046712079359, mse, 101413.57927483907, nmse, 12.474203109741211
epoch, 180, r2, -1.2729161405341514, mae, 72.40689179008831, mse, 97542.31821363243, nmse, 11.998024940490723
epoch, 181, r2, -1.8849131942221862, mae, 71.94095105025468, mse, 102243.17027770069, nmse, 12.576245307922363
epoch, 182, r2, -1.6559952718072573, mae, 71.84288321180574, mse, 98716.08396453176, nmse, 12.142402648925781
epoch, 183, r2, -1.6494722369398578, mae, 71.91905916075923, mse, 100586.40220180372, nmse, 12.372456550598145
epoch, 184, r2, -1.3520028487336049, mae, 72.33553488273724, mse, 99331.09156199601, nmse, 12.218050003051758
epoch, 185, r2, -1.5585615093150207, mae, 71.61785841644397, mse, 95385.29093894652, nmse, 11.73270320892334
epoch, 186, r2, -1.2609354107601691, mae, 72.1342652091605, mse, 98546.34553053023, nmse, 12.1215238571167
epoch, 187, r2, -1.4490020664905212, mae, 71.59798126050252, mse, 96863.36056274196, nmse, 11.914510726928711
epoch, 188, r2, -1.4192210004457844, mae, 72.00834932796012, mse, 100091.20080964034, nmse, 12.311546325683594
epoch, 189, r2, -1.3331354138396991, mae, 71.8469963951554, mse, 97768.89506185768, nmse, 12.025895118713379
epoch, 190, r2, -1.5828653058876792, mae, 72.17827503981603, mse, 97603.78166565542, nmse, 12.005584716796875
epoch, 191, r2, -1.5381847415899794, mae, 71.56087612019148, mse, 98542.12790807974, nmse, 12.121004104614258
epoch, 192, r2, -2.00695800918345, mae, 72.16268789855575, mse, 99597.93158411703, nmse, 12.250871658325195
epoch, 193, r2, -1.5411549131436901, mae, 71.38444744975999, mse, 94347.96030458342, nmse, 11.605108261108398
epoch, 194, r2, -1.5915402856515761, mae, 72.43277015259908, mse, 99494.95862338941, nmse, 12.23820686340332
epoch, 195, r2, -1.37445662736313, mae, 71.57715510452721, mse, 96655.20726397449, nmse, 11.888908386230469
epoch, 196, r2, -1.8663285195289152, mae, 72.25871706989005, mse, 93736.66498305634, nmse, 11.529916763305664
epoch, 197, r2, -1.540264894558483, mae, 72.00446369743858, mse, 97935.57494891102, nmse, 12.04639720916748
epoch, 198, r2, -1.293417669315103, mae, 71.79752586951098, mse, 97482.86381079406, nmse, 11.99071216583252
epoch, 199, r2, -1.234728930167714, mae, 71.04812840605763, mse, 96577.58156280655, nmse, 11.879359245300293
epoch, 200, r2, -1.5238331541181984, mae, 71.56107694184387, mse, 97801.8839674117, nmse, 12.029952049255371
epoch, 201, r2, -2.154730824014491, mae, 72.2369821349034, mse, 95784.62139553858, nmse, 11.78182315826416
epoch, 202, r2, -1.5386731536555316, mae, 71.77978393002425, mse, 96531.9115931343, nmse, 11.87374210357666
epoch, 203, r2, -1.8326146969507486, mae, 72.7643544295092, mse, 96938.72996604722, nmse, 11.923781394958496
epoch, 204, r2, -1.7033012985518472, mae, 72.07174267108361, mse, 97579.94820354827, nmse, 12.002653121948242
epoch, 205, r2, -1.7729188067187716, mae, 71.54625857986437, mse, 96832.84962364381, nmse, 11.910758018493652
epoch, 206, r2, -1.6666512682830903, mae, 72.34211971225005, mse, 96564.20117465676, nmse, 11.877713203430176
epoch, 207, r2, -2.176183889064416, mae, 71.91397507832026, mse, 95589.6650232719, nmse, 11.757842063903809
epoch, 208, r2, -1.774725986487972, mae, 71.39033750119862, mse, 97203.84761882164, nmse, 11.956391334533691
epoch, 209, r2, -1.6965735479685937, mae, 71.32898842110178, mse, 95100.76868850667, nmse, 11.69770622253418
epoch, 210, r2, -1.5836224964887897, mae, 72.15469076874216, mse, 96025.80949216132, nmse, 11.811490058898926
epoch, 211, r2, -2.1304599684163175, mae, 72.23261658640394, mse, 94336.6730395606, nmse, 11.603719711303711
epoch, 212, r2, -1.6739071384149926, mae, 72.02377650710064, mse, 95402.20213199237, nmse, 11.734784126281738
epoch, 213, r2, -1.7188308811719195, mae, 70.9046560624969, mse, 93442.13132679848, nmse, 11.493688583374023
epoch, 214, r2, -1.938617157620883, mae, 71.67175033951146, mse, 98431.59008082713, nmse, 12.10740852355957
epoch, 215, r2, -1.8441065838613806, mae, 73.06441570244483, mse, 97529.178299722, nmse, 11.99640941619873
epoch, 216, r2, -1.3926707108744556, mae, 71.5248117378719, mse, 94260.4091896473, nmse, 11.594339370727539
epoch, 217, r2, -1.7653440946165433, mae, 71.84782739797802, mse, 92824.86511626461, nmse, 11.417762756347656
epoch, 218, r2, -1.4560218966957148, mae, 71.9944954054818, mse, 95792.57601615081, nmse, 11.782801628112793
epoch, 219, r2, -1.8015735584993935, mae, 71.62044609264139, mse, 94676.56675530128, nmse, 11.645528793334961
epoch, 220, r2, -1.811802740257798, mae, 71.64624810171937, mse, 95716.62264682473, nmse, 11.773458480834961
epoch, 221, r2, -1.5581901623810175, mae, 71.94264078046511, mse, 93640.8542871661, nmse, 11.518132209777832
epoch, 222, r2, -2.0113401204940584, mae, 71.84097251329601, mse, 92775.49330349974, nmse, 11.411689758300781
epoch, 223, r2, -1.7689404654487235, mae, 72.14278868606199, mse, 95330.23208591438, nmse, 11.725931167602539
epoch, 224, r2, -1.807547491309096, mae, 70.84620317982392, mse, 92859.62781433706, nmse, 11.422038078308105
epoch, 225, r2, -1.6796418815258178, mae, 72.24823527059138, mse, 95845.94027430148, nmse, 11.7893648147583
epoch, 226, r2, -1.6821951192592133, mae, 72.48722602326066, mse, 94637.27144361944, nmse, 11.640694618225098
epoch, 227, r2, -2.4309402401614153, mae, 71.58007008839762, mse, 93714.74764979194, nmse, 11.5272216796875
epoch, 228, r2, -1.5694923426612737, mae, 71.85061080053089, mse, 94764.47283884275, nmse, 11.656341552734375
epoch, 229, r2, -2.172770229416979, mae, 72.27285285383809, mse, 96788.09090919801, nmse, 11.905253410339355
epoch, 230, r2, -1.6286548536565706, mae, 71.97505883940423, mse, 93290.87239787875, nmse, 11.475083351135254
epoch, 231, r2, -2.0940687490525685, mae, 72.54829572229326, mse, 93961.59024661475, nmse, 11.557583808898926
epoch, 232, r2, -1.6027222558108924, mae, 71.2881282675149, mse, 92953.21826895679, nmse, 11.433550834655762
epoch, 233, r2, -2.005362576293131, mae, 72.78971273747803, mse, 91032.33452837878, nmse, 11.19727611541748
epoch, 234, r2, -1.6153462485076173, mae, 72.34415238340377, mse, 94415.51127927506, nmse, 11.61341667175293
epoch, 235, r2, -1.9789122346502745, mae, 72.12891153790676, mse, 94973.55176557961, nmse, 11.682058334350586
epoch, 236, r2, -1.604641307359784, mae, 71.64776393116533, mse, 91880.20931955564, nmse, 11.301567077636719
epoch, 237, r2, -1.4437314839013082, mae, 71.6019298151202, mse, 94487.95690528522, nmse, 11.62232780456543
epoch, 238, r2, -1.3662556541612818, mae, 72.72959100298843, mse, 94001.18882968278, nmse, 11.562454223632812
epoch, 239, r2, -1.7504851612177104, mae, 72.13268742906504, mse, 89673.42708715145, nmse, 11.030125617980957
epoch, 240, r2, -1.7278645592859667, mae, 71.55008119492791, mse, 94405.98682136979, nmse, 11.612245559692383
epoch, 241, r2, -1.6037779580178084, mae, 71.88925702961777, mse, 94099.56870534997, nmse, 11.574555397033691
epoch, 242, r2, -1.4354538525509217, mae, 71.97680265684016, mse, 92883.80360950541, nmse, 11.425012588500977
epoch, 243, r2, -1.7808996073192127, mae, 71.08206203467512, mse, 91633.99553469197, nmse, 11.271281242370605
epoch, 244, r2, -1.8525935574294286, mae, 71.54496781125039, mse, 92943.78259695154, nmse, 11.432390213012695
epoch, 245, r2, -1.5657846205765886, mae, 72.00763077126538, mse, 94522.9964420922, nmse, 11.626639366149902
epoch, 246, r2, -1.5795091305075473, mae, 71.47126541376326, mse, 91778.28769762519, nmse, 11.289030075073242
epoch, 247, r2, -1.8806971948823583, mae, 70.49742223229975, mse, 92545.94140178827, nmse, 11.383453369140625
epoch, 248, r2, -2.131639443466366, mae, 71.34501147385257, mse, 93569.90122910296, nmse, 11.509404182434082
epoch, 249, r2, -1.663005341988219, mae, 71.19124617129165, mse, 91891.7354098268, nmse, 11.302984237670898
epoch, 250, r2, -1.5809719446459172, mae, 71.36745726659534, mse, 90597.8181601353, nmse, 11.143829345703125
epoch, 251, r2, -1.9594758846306806, mae, 71.2605936340182, mse, 91097.23414781177, nmse, 11.2052583694458
epoch, 252, r2, -1.7028386907788196, mae, 71.82237419200007, mse, 94025.41667735191, nmse, 11.565434455871582
epoch, 253, r2, -1.8802128136370666, mae, 70.95774747560448, mse, 91203.41573876866, nmse, 11.218318939208984
epoch, 254, r2, -1.4824909758992177, mae, 70.32635875238277, mse, 88155.4187422247, nmse, 10.843405723571777
epoch, 255, r2, -1.1499451114939294, mae, 70.75333398813856, mse, 93732.07923183628, nmse, 11.529353141784668
epoch, 256, r2, -1.5414040587778925, mae, 71.6147185783284, mse, 91040.81179972112, nmse, 11.198318481445312
epoch, 257, r2, -1.8095132114672412, mae, 70.88432775025287, mse, 94124.6663939666, nmse, 11.577642440795898
epoch, 258, r2, -1.6084397047253343, mae, 70.84009100613156, mse, 91521.4576430088, nmse, 11.257439613342285
epoch, 259, r2, -1.848566487101841, mae, 70.72081098922989, mse, 90083.60993227988, nmse, 11.08057975769043
epoch, 260, r2, -2.0270634249673884, mae, 71.29093784369775, mse, 88163.92072184462, nmse, 10.844451904296875
epoch, 261, r2, -1.648843901996229, mae, 71.27318077564665, mse, 90600.04524774491, nmse, 11.144103050231934
epoch, 262, r2, -1.7006423780880062, mae, 71.74864456306301, mse, 91795.0858363311, nmse, 11.291096687316895
epoch, 263, r2, -1.5797253131003386, mae, 72.02454054835015, mse, 91600.09664173552, nmse, 11.267111778259277
epoch, 264, r2, -2.0167891367585966, mae, 70.72760913600018, mse, 92492.09736540848, nmse, 11.3768310546875
epoch, 265, r2, -2.0463062857436554, mae, 70.87317638721073, mse, 88627.18988918547, nmse, 10.901434898376465
epoch, 266, r2, -1.3920675268952687, mae, 70.5898838063667, mse, 88117.16328194817, nmse, 10.838700294494629
epoch, 267, r2, -1.5970528733657818, mae, 71.00735133667946, mse, 94815.76338601884, nmse, 11.662650108337402
epoch, 268, r2, -1.8039783345603648, mae, 70.20390066448549, mse, 92086.6836543488, nmse, 11.326964378356934
epoch, 269, r2, -1.5158177461964664, mae, 70.90677875914245, mse, 91727.93944324156, nmse, 11.2828369140625
epoch, 270, r2, -1.851703908292983, mae, 70.72904837968842, mse, 91014.37191474103, nmse, 11.195066452026367
epoch, 271, r2, -1.535599855411539, mae, 71.2520869675228, mse, 88852.94874616663, nmse, 10.929203987121582
epoch, 272, r2, -1.562875685502052, mae, 71.33973311184772, mse, 91962.61526365441, nmse, 11.3117036819458
epoch, 273, r2, -1.7230406308099213, mae, 69.81686498745943, mse, 90291.2002526659, nmse, 11.106114387512207
epoch, 274, r2, -1.8234687404131389, mae, 70.72034747828533, mse, 93939.70715929837, nmse, 11.554892539978027
epoch, 275, r2, -1.2986689697890084, mae, 70.88483150045823, mse, 88190.59903809903, nmse, 10.847733497619629
epoch, 276, r2, -1.7083681664161503, mae, 70.75539006343156, mse, 90830.17347445927, nmse, 11.172409057617188
epoch, 277, r2, -1.978715658425669, mae, 70.2754173200401, mse, 89890.82304772589, nmse, 11.056865692138672
epoch, 278, r2, -2.143942058272852, mae, 69.94273031403488, mse, 87068.44891253788, nmse, 10.709704399108887
epoch, 279, r2, -2.332886444563448, mae, 69.85251312596762, mse, 89794.67526502021, nmse, 11.045039176940918
epoch, 280, r2, -1.2852270871445273, mae, 69.23944783487738, mse, 87651.65875251777, nmse, 10.781440734863281
epoch, 281, r2, -1.7247968789753372, mae, 70.75102151166764, mse, 87619.15032870622, nmse, 10.777442932128906
epoch, 282, r2, -1.611992812564038, mae, 70.12746330189641, mse, 85597.40648484626, nmse, 10.528761863708496
epoch, 283, r2, -1.7233975626477887, mae, 70.79601113146389, mse, 87308.99257829954, nmse, 10.73929214477539
epoch, 284, r2, -1.5406269056764912, mae, 69.99453460856992, mse, 87427.30243143554, nmse, 10.75384521484375
epoch, 285, r2, -1.629029529597033, mae, 70.70599057007517, mse, 88891.281792542, nmse, 10.933918952941895
epoch, 286, r2, -1.830125358258797, mae, 70.02718798421769, mse, 87379.54708246498, nmse, 10.747970581054688
epoch, 287, r2, -1.5029881666639475, mae, 71.17355324844893, mse, 88661.69672623566, nmse, 10.905679702758789
epoch, 288, r2, -1.899622030680053, mae, 71.20033549086338, mse, 86975.97655331473, nmse, 10.69832992553711
epoch, 289, r2, -2.34918186703818, mae, 69.90427128993794, mse, 86463.61242017976, nmse, 10.635307312011719
epoch, 290, r2, -2.397483179649636, mae, 71.68809989830338, mse, 90085.71653997099, nmse, 11.080839157104492
epoch, 291, r2, -1.8982943856413448, mae, 70.80005924848705, mse, 89298.46256178786, nmse, 10.984004020690918
epoch, 292, r2, -1.6706090671373999, mae, 69.60242124341022, mse, 84115.14379605727, nmse, 10.34643840789795
epoch, 293, r2, -1.5345366464550747, mae, 69.4934758444574, mse, 89331.63793991129, nmse, 10.98808479309082
epoch, 294, r2, -1.3464910093252613, mae, 69.31015600744799, mse, 86906.42964577355, nmse, 10.689775466918945
epoch, 295, r2, -1.706714386451769, mae, 69.29324648961943, mse, 88915.47123554356, nmse, 10.936894416809082
epoch, 296, r2, -1.9759753595920828, mae, 70.34270443409228, mse, 85111.68545018965, nmse, 10.469017028808594
epoch, 297, r2, -2.2527371216469176, mae, 70.0709772938378, mse, 91826.78163382877, nmse, 11.294995307922363
epoch, 298, r2, -1.940882720199323, mae, 69.85123194301629, mse, 89376.11735652211, nmse, 10.993555068969727
epoch, 299, r2, -1.9539128913041242, mae, 69.65793441622463, mse, 84193.3964645863, nmse, 10.356063842773438
epoch, 300, r2, -1.7576623016407509, mae, 70.0177987079092, mse, 90144.77791329146, nmse, 11.088103294372559
epoch, 301, r2, -2.1360976149840374, mae, 70.40476558129632, mse, 90453.96034736259, nmse, 11.126133918762207
epoch, 302, r2, -1.7539011060632694, mae, 70.05011077502458, mse, 87801.43594949976, nmse, 10.799864768981934
epoch, 303, r2, -1.8200510109427184, mae, 70.09140154537715, mse, 88838.17056706951, nmse, 10.927386283874512
epoch, 304, r2, -1.7052510301207988, mae, 70.4149735175466, mse, 90942.99217194394, nmse, 11.186285972595215
epoch, 305, r2, -1.4731305703047932, mae, 69.88687377346744, mse, 89657.29455749676, nmse, 11.028141975402832
epoch, 306, r2, -1.7015698613318357, mae, 68.67458042472042, mse, 88011.35413608364, nmse, 10.825684547424316
epoch, 307, r2, -1.9144700876931908, mae, 69.304186300426, mse, 89767.26357332422, nmse, 11.041667938232422
epoch, 308, r2, -1.824707208510563, mae, 68.57420785390873, mse, 83644.8791676921, nmse, 10.288595199584961
epoch, 309, r2, -1.7961758186359225, mae, 70.61224446897532, mse, 88892.39669153454, nmse, 10.934056282043457
epoch, 310, r2, -1.89045980584246, mae, 68.8884177551406, mse, 87302.33527995665, nmse, 10.738473892211914
epoch, 311, r2, -1.5563850007349014, mae, 71.08226258462832, mse, 85792.13508329145, nmse, 10.552713394165039
epoch, 312, r2, -1.782768574193825, mae, 70.76985024255339, mse, 89708.8796136251, nmse, 11.034486770629883
epoch, 313, r2, -1.5927567243676393, mae, 69.82529575085405, mse, 86860.66315031078, nmse, 10.684146881103516
epoch, 314, r2, -1.7240176559014184, mae, 70.18821219375242, mse, 89474.82687862829, nmse, 11.005697250366211
epoch, 315, r2, -2.2984479523159997, mae, 70.82086790816075, mse, 85939.92724071567, nmse, 10.570893287658691
epoch, 316, r2, -1.979779503489773, mae, 70.52906759976275, mse, 89815.3263296828, nmse, 11.047579765319824
epoch, 317, r2, -2.5010794930811833, mae, 70.77618122918996, mse, 84084.06442560191, nmse, 10.342615127563477
epoch, 318, r2, -2.3260224977760426, mae, 70.50830918551557, mse, 85639.54905884771, nmse, 10.533945083618164
epoch, 319, r2, -2.629241581740013, mae, 69.91251224657593, mse, 84361.68133963822, nmse, 10.376763343811035
epoch, 320, r2, -1.5097455816259577, mae, 69.5162133700087, mse, 87642.77538510511, nmse, 10.780348777770996
epoch, 321, r2, -1.891610726441302, mae, 69.18295288870013, mse, 84154.73110474832, nmse, 10.35130786895752
epoch, 322, r2, -1.468537621440437, mae, 68.41282408716852, mse, 81412.07415922027, nmse, 10.013951301574707
epoch, 323, r2, -1.6836703232501344, mae, 70.33139573046945, mse, 92460.51473846845, nmse, 11.372946739196777
epoch, 324, r2, -2.163601843861576, mae, 69.88291496876843, mse, 86442.65100522012, nmse, 10.632729530334473
epoch, 325, r2, -1.7721459660842867, mae, 70.48222454640351, mse, 88478.39625700131, nmse, 10.883132934570312
epoch, 326, r2, -1.8176225854201065, mae, 69.6651569286343, mse, 87803.82912427478, nmse, 10.800158500671387
epoch, 327, r2, -1.579869863812804, mae, 69.60527106925139, mse, 87301.26057510717, nmse, 10.738341331481934
epoch, 328, r2, -1.7651415729719246, mae, 69.56537554095748, mse, 83798.4172259756, nmse, 10.307479858398438
epoch, 329, r2, -1.6799033964338412, mae, 69.57928045032492, mse, 82069.10927317655, nmse, 10.094769477844238
epoch, 330, r2, -1.669133080567471, mae, 69.36547383350171, mse, 88072.24755414293, nmse, 10.833175659179688
epoch, 331, r2, -1.9873214867686313, mae, 70.30664301165733, mse, 80083.36957319462, nmse, 9.850516319274902
epoch, 332, r2, -1.6327279123528835, mae, 68.41704509793061, mse, 85415.90482310823, nmse, 10.506436347961426
epoch, 333, r2, -1.5407535044936755, mae, 69.3391391200184, mse, 90011.21015597727, nmse, 11.071674346923828
epoch, 334, r2, -1.5672696260665926, mae, 70.04479277937193, mse, 85481.05700954134, nmse, 10.514450073242188
epoch, 335, r2, -2.447379871469678, mae, 69.51997378999576, mse, 84002.76907242271, nmse, 10.332615852355957
epoch, 336, r2, -1.9995328368532124, mae, 70.39344969895187, mse, 86081.8119862029, nmse, 10.588345527648926
epoch, 337, r2, -1.8184920899199344, mae, 69.43564470425794, mse, 84441.51030189439, nmse, 10.386582374572754
epoch, 338, r2, -1.5351822920792555, mae, 68.58042683810181, mse, 84384.92493273587, nmse, 10.379622459411621
epoch, 339, r2, -1.382972360729493, mae, 69.91167645970022, mse, 80980.83051129461, nmse, 9.960906982421875
epoch, 340, r2, -1.6081891655504612, mae, 69.26270732777368, mse, 81425.73870723066, nmse, 10.015633583068848
epoch, 341, r2, -1.620942865180789, mae, 69.27481154807451, mse, 83082.99483126042, nmse, 10.219480514526367
epoch, 342, r2, -1.7606088136843001, mae, 70.46686343311518, mse, 86968.77063827174, nmse, 10.697443962097168
epoch, 343, r2, -2.204059461754281, mae, 69.98955601563509, mse, 86401.1890756561, nmse, 10.627629280090332
epoch, 344, r2, -1.606531333615399, mae, 70.65256909361048, mse, 86395.13147869366, nmse, 10.626884460449219
epoch, 345, r2, -2.584779044093752, mae, 69.62990328266325, mse, 80986.51398879963, nmse, 9.961606979370117
epoch, 346, r2, -1.9851180940971527, mae, 68.6025424606146, mse, 82718.67634330798, nmse, 10.17466926574707
epoch, 347, r2, -1.5578987064770802, mae, 68.7542295493432, mse, 83295.66544462174, nmse, 10.24563980102539
epoch, 348, r2, -1.941837336407148, mae, 69.72449231799742, mse, 86580.30445268647, nmse, 10.64966106414795
epoch, 349, r2, -1.8065312844266745, mae, 69.50469542632048, mse, 84541.81398994508, nmse, 10.398920059204102
epoch, 350, r2, -1.8213743724715084, mae, 69.99080647646689, mse, 82514.72020842934, nmse, 10.149580955505371
epoch, 351, r2, -1.7797637774738173, mae, 68.94984596242215, mse, 82035.21503583348, nmse, 10.090600967407227
epoch, 352, r2, -1.6350778173098452, mae, 70.25052688673631, mse, 82617.62677328128, nmse, 10.162239074707031
epoch, 353, r2, -1.4245204476262856, mae, 69.91622750961535, mse, 85359.4227473173, nmse, 10.499488830566406
epoch, 354, r2, -1.4087245725819162, mae, 69.1395772930551, mse, 83194.90613173689, nmse, 10.233245849609375
epoch, 355, r2, -2.2853473968688984, mae, 69.13760985884952, mse, 87650.88441074839, nmse, 10.781346321105957
epoch, 356, r2, -1.9838423764057913, mae, 69.05084119273468, mse, 86933.81436811213, nmse, 10.693143844604492
epoch, 357, r2, -1.8455737543422328, mae, 68.868407522343, mse, 84024.06738323794, nmse, 10.335236549377441
epoch, 358, r2, -1.729125085167974, mae, 69.5430264081776, mse, 87813.92735640975, nmse, 10.801401138305664
epoch, 359, r2, -2.004670367642512, mae, 69.47090823622662, mse, 83084.52457051759, nmse, 10.2196683883667
epoch, 360, r2, -1.8497549333144943, mae, 69.61103821584857, mse, 84001.50903024682, nmse, 10.3324613571167
epoch, 361, r2, -2.1066543578101573, mae, 68.40939091536698, mse, 85917.91859296674, nmse, 10.568185806274414
epoch, 362, r2, -1.4816830492832715, mae, 68.33319263560523, mse, 82596.26730713763, nmse, 10.159611701965332
epoch, 363, r2, -1.5088613005532514, mae, 69.91616097059071, mse, 86778.57443949109, nmse, 10.674049377441406
epoch, 364, r2, -1.8068569038548297, mae, 67.8198683790696, mse, 78087.33201177766, nmse, 9.604997634887695
epoch, 365, r2, -1.537925220954961, mae, 69.13419271423095, mse, 82340.24571232118, nmse, 10.128119468688965
epoch, 366, r2, -1.7710453856535608, mae, 69.17568244184096, mse, 86601.1359798537, nmse, 10.652223587036133
epoch, 367, r2, -1.8829681797429927, mae, 69.00807116920123, mse, 81439.3770475304, nmse, 10.01731014251709
epoch, 368, r2, -1.9140915489176287, mae, 68.42159785747101, mse, 81765.65426180296, nmse, 10.057443618774414
epoch, 369, r2, -1.3308132451488859, mae, 67.55158342918826, mse, 83118.56809442569, nmse, 10.223856925964355
epoch, 370, r2, -1.2441668188686348, mae, 67.23316241239628, mse, 80804.03429359797, nmse, 9.93916130065918
epoch, 371, r2, -2.2045462719711257, mae, 68.45175094195409, mse, 86857.01596872775, nmse, 10.683697700500488
epoch, 372, r2, -1.8963614431478961, mae, 68.55186464106856, mse, 82908.46657745389, nmse, 10.198013305664062
epoch, 373, r2, -1.5242309903709386, mae, 68.4198861387183, mse, 80368.64518590251, nmse, 9.885607719421387
epoch, 374, r2, -1.592434401051665, mae, 68.99102506731322, mse, 82726.72665261822, nmse, 10.175658226013184
epoch, 375, r2, -1.6251021356074329, mae, 68.31786384139346, mse, 88507.93969656745, nmse, 10.88676643371582
epoch, 376, r2, -1.6821517280283234, mae, 68.06231995361847, mse, 82524.81753776217, nmse, 10.150823593139648
epoch, 377, r2, -1.5139580321287989, mae, 67.99124646497901, mse, 80393.47427171259, nmse, 9.88866138458252
epoch, 378, r2, -1.633961536051845, mae, 67.640299862, mse, 82658.97029935481, nmse, 10.16732406616211
epoch, 379, r2, -1.7667962959505046, mae, 67.38246131552661, mse, 81377.93535680967, nmse, 10.009753227233887
epoch, 380, r2, -1.6154419266334843, mae, 66.79196389073022, mse, 80167.87804996876, nmse, 9.86091136932373
epoch, 381, r2, -2.181085438872347, mae, 67.16442099921505, mse, 75184.26183789673, nmse, 9.24791145324707
epoch, 382, r2, -1.5623604678584126, mae, 68.09888212717037, mse, 83987.43315447142, nmse, 10.330729484558105
epoch, 383, r2, -1.7719346524113233, mae, 67.10271475283135, mse, 81676.06792703446, nmse, 10.046424865722656
epoch, 384, r2, -1.3402355849329302, mae, 67.2810823484869, mse, 78541.84787127483, nmse, 9.660904884338379
epoch, 385, r2, -1.5277642705918575, mae, 66.03951167923942, mse, 75526.68369564434, nmse, 9.290030479431152
epoch, 386, r2, -1.4035587234233688, mae, 67.01256369913764, mse, 83242.5231034266, nmse, 10.239103317260742
epoch, 387, r2, -1.5287632811242886, mae, 68.62741273005591, mse, 83239.51654057643, nmse, 10.238733291625977
epoch, 388, r2, -1.4853178426518487, mae, 69.79239119494781, mse, 83335.49472417346, nmse, 10.25053882598877
epoch, 389, r2, -1.5424197063502396, mae, 68.71038472309402, mse, 81030.70218944397, nmse, 9.967041969299316
epoch, 390, r2, -1.6937147530614174, mae, 68.27270270476286, mse, 80806.83763512823, nmse, 9.939505577087402
epoch, 391, r2, -1.314512998575694, mae, 67.73617478797647, mse, 82149.23881501035, nmse, 10.104626655578613
epoch, 392, r2, -1.6318935954913978, mae, 67.51403758037932, mse, 78548.60878036813, nmse, 9.661736488342285
epoch, 393, r2, -1.5509411309842798, mae, 67.2554481491007, mse, 80816.00364558243, nmse, 9.940632820129395
epoch, 394, r2, -1.4636158277498892, mae, 66.52378414382457, mse, 80693.28114366301, nmse, 9.925538063049316
epoch, 395, r2, -1.4219403031421636, mae, 66.88323327167637, mse, 79056.7170656915, nmse, 9.724235534667969
epoch, 396, r2, -1.3855474359501947, mae, 66.86290731694253, mse, 79317.07992106448, nmse, 9.756260871887207
epoch, 397, r2, -1.2211369883450092, mae, 66.3607425941965, mse, 76205.7323868575, nmse, 9.373555183410645
epoch, 398, r2, -1.9584117307752789, mae, 66.91508230545139, mse, 77708.86173827689, nmse, 9.55844497680664
epoch, 399, r2, -1.1144717549791314, mae, 65.87081267550334, mse, 78102.49729283173, nmse, 9.606863975524902
epoch, 400, r2, -1.4317701051907148, mae, 66.42904701505633, mse, 79977.77214142746, nmse, 9.837528228759766
epoch, 401, r2, -1.4918288685302283, mae, 66.25355035323346, mse, 80797.63517573324, nmse, 9.938373565673828
epoch, 402, r2, -1.5649618520052904, mae, 65.82038415221895, mse, 78514.91454900311, nmse, 9.657591819763184
epoch, 403, r2, -1.2950722049825767, mae, 65.63247948766714, mse, 78234.81605773872, nmse, 9.623138427734375
epoch, 404, r2, -1.1106431117125344, mae, 67.41206512331856, mse, 80112.26189883916, nmse, 9.854071617126465
epoch, 405, r2, -1.326677041947367, mae, 66.37832459610844, mse, 76801.56542825844, nmse, 9.446844100952148
epoch, 406, r2, -1.3569854086704458, mae, 66.19926498760806, mse, 78851.42007702102, nmse, 9.698983192443848
epoch, 407, r2, -1.8246402214707567, mae, 66.75172953805932, mse, 77093.70393714393, nmse, 9.482778549194336
epoch, 408, r2, -1.329868600061601, mae, 66.77828862409277, mse, 81862.2277998937, nmse, 10.06932258605957
epoch, 409, r2, -1.3067634361937948, mae, 66.42648298640246, mse, 80266.16565138311, nmse, 9.873001098632812
epoch, 410, r2, -1.2955856729355741, mae, 66.30858402030611, mse, 76313.51682704895, nmse, 9.386813163757324
epoch, 411, r2, -1.144976694309263, mae, 66.16194972071507, mse, 79060.96610771773, nmse, 9.72475814819336
epoch, 412, r2, -1.1362037010538673, mae, 64.86482891597527, mse, 80824.08692009511, nmse, 9.941627502441406
epoch, 413, r2, -1.165680565809977, mae, 65.64976515833878, mse, 77009.44585976553, nmse, 9.472414016723633
epoch, 414, r2, -1.4199183402477424, mae, 65.7886218711028, mse, 80172.33191630318, nmse, 9.861459732055664
epoch, 415, r2, -1.417995416698364, mae, 66.69449795287458, mse, 81157.76886607043, nmse, 9.982671737670898
epoch, 416, r2, -1.4440901220397664, mae, 64.98312598118514, mse, 74868.34491686238, nmse, 9.209052085876465
epoch, 417, r2, -1.3629809612781028, mae, 65.91987183275128, mse, 76182.56387612187, nmse, 9.370704650878906
epoch, 418, r2, -1.5117563019366786, mae, 65.24079337303291, mse, 79046.0424852032, nmse, 9.722922325134277
epoch, 419, r2, -1.2803926733412736, mae, 64.82723152596999, mse, 78785.30115791164, nmse, 9.690851211547852
epoch, 420, r2, -1.1333476807863019, mae, 65.28626957468096, mse, 82996.39440255254, nmse, 10.20882797241211
epoch, 421, r2, -1.0946091445302537, mae, 65.09908994277531, mse, 78675.8535802219, nmse, 9.677388191223145
epoch, 422, r2, -1.4663200617288246, mae, 65.31697831720619, mse, 77382.58621314546, nmse, 9.518311500549316
epoch, 423, r2, -1.1859396677477518, mae, 65.24568786791545, mse, 77887.7482316277, nmse, 9.580449104309082
epoch, 424, r2, -1.1230941799986789, mae, 65.18683747469686, mse, 77694.25777163536, nmse, 9.556648254394531
epoch, 425, r2, -1.1016518213193078, mae, 65.65505514698864, mse, 81055.40133051186, nmse, 9.97007942199707
epoch, 426, r2, -1.08315704151393, mae, 65.45283987473121, mse, 80995.48305392431, nmse, 9.9627103805542
epoch, 427, r2, -1.4900258893205045, mae, 64.81127163304933, mse, 73767.14663588836, nmse, 9.073600769042969
epoch, 428, r2, -1.380694361697975, mae, 65.45918994099036, mse, 78173.46635998545, nmse, 9.615592956542969
epoch, 429, r2, -1.18193451261931, mae, 65.44069745862346, mse, 80602.57461980388, nmse, 9.91438102722168
epoch, 430, r2, -1.3105520067251728, mae, 64.69604786846443, mse, 78625.11361354524, nmse, 9.671147346496582
epoch, 431, r2, -1.4470382451609627, mae, 65.39226408848494, mse, 73919.60994799958, nmse, 9.092354774475098
epoch, 432, r2, -1.4058044239558767, mae, 66.92833701449915, mse, 79357.0828295833, nmse, 9.761181831359863
epoch, 433, r2, -1.060548539761265, mae, 65.59334256271895, mse, 76848.31877233047, nmse, 9.452595710754395
epoch, 434, r2, -1.4031158136392365, mae, 64.05200793681345, mse, 72597.53969849832, nmse, 8.92973518371582
epoch, 435, r2, -1.313603223834044, mae, 64.41927616879597, mse, 74741.30807784748, nmse, 9.193425178527832
epoch, 436, r2, -1.0271752598307313, mae, 64.21226571162329, mse, 75172.52263748673, nmse, 9.246466636657715
epoch, 437, r2, -1.0481710024189292, mae, 64.04125792390006, mse, 72129.23458807216, nmse, 8.872132301330566
epoch, 438, r2, -1.3972935739610688, mae, 65.82768562153261, mse, 81600.57305667117, nmse, 10.037137985229492
epoch, 439, r2, -1.1621183119325778, mae, 64.68786504573328, mse, 76163.34370204459, nmse, 9.368341445922852
epoch, 440, r2, -1.262251242213861, mae, 63.55959884466286, mse, 77744.43279268948, nmse, 9.562819480895996
epoch, 441, r2, -1.320534853898434, mae, 63.18498161510232, mse, 71459.49091635423, nmse, 8.789752006530762
epoch, 442, r2, -1.1642676362459756, mae, 64.69706610440143, mse, 77198.27356861377, nmse, 9.495640754699707
epoch, 443, r2, -0.9731422452255845, mae, 64.17839365099242, mse, 75579.5479932797, nmse, 9.296531677246094
epoch, 444, r2, -1.2795073464399063, mae, 65.02982963872233, mse, 74339.40685562803, nmse, 9.143990516662598
epoch, 445, r2, -1.1491971859534362, mae, 63.94359304924114, mse, 73950.9327433841, nmse, 9.096206665039062
epoch, 446, r2, -1.0566593529887285, mae, 64.8800099883365, mse, 76304.68066650609, nmse, 9.385725975036621
epoch, 447, r2, -1.4113424468145412, mae, 65.28204996178894, mse, 76649.41787520639, nmse, 9.428129196166992
epoch, 448, r2, -1.2904995247270934, mae, 64.45705003559429, mse, 77904.42651138101, nmse, 9.582500457763672
epoch, 449, r2, -1.2825798587595714, mae, 63.21456989376965, mse, 69863.8248351669, nmse, 8.593480110168457
epoch, 450, r2, -1.1667061475791467, mae, 63.68044146247161, mse, 78426.29446683309, nmse, 9.64669132232666
epoch, 451, r2, -1.1972960735179086, mae, 64.11806293245508, mse, 74688.39189818573, nmse, 9.186917304992676
epoch, 452, r2, -1.179676589732774, mae, 63.83516831623858, mse, 73896.71060683018, nmse, 9.089537620544434
epoch, 453, r2, -0.9823732004051712, mae, 64.18106582733645, mse, 77329.36084465457, nmse, 9.511764526367188
epoch, 454, r2, -0.8991139917924397, mae, 63.314155621566975, mse, 75447.56557058654, nmse, 9.28029727935791
epoch, 455, r2, -1.1338708710536105, mae, 63.97195039106545, mse, 76003.80459045465, nmse, 9.34871768951416
epoch, 456, r2, -1.252760733266021, mae, 64.51453700743156, mse, 80141.14537516057, nmse, 9.857624053955078
epoch, 457, r2, -1.381804412151445, mae, 64.94441658630235, mse, 83720.85785359373, nmse, 10.297940254211426
epoch, 458, r2, -1.075699768053573, mae, 63.53212611664609, mse, 77392.5694066052, nmse, 9.519539833068848
epoch, 459, r2, -1.4779992864372804, mae, 64.05772292807872, mse, 78966.4004629072, nmse, 9.713126182556152
epoch, 460, r2, -1.021121784479976, mae, 63.059990858158116, mse, 72647.46441198763, nmse, 8.93587589263916
epoch, 461, r2, -0.9239305900931645, mae, 63.08045477181061, mse, 74475.79398201541, nmse, 9.160767555236816
epoch, 462, r2, -1.112927020160592, mae, 62.70575372322635, mse, 73181.14855990303, nmse, 9.001521110534668
epoch, 463, r2, -1.051419762836395, mae, 63.431399379488184, mse, 74824.70845660362, nmse, 9.20368480682373
epoch, 464, r2, -1.0061214895560542, mae, 63.498365203475615, mse, 77071.65629776997, nmse, 9.480066299438477
epoch, 465, r2, -1.4246134753213737, mae, 63.96412261898119, mse, 77138.98892548999, nmse, 9.488348960876465
epoch, 466, r2, -0.9469611989512136, mae, 63.7653802501825, mse, 78442.57347402837, nmse, 9.648693084716797
epoch, 467, r2, -1.2632156477070084, mae, 65.96184411394053, mse, 75565.84918462159, nmse, 9.29484748840332
epoch, 468, r2, -1.5589799680951018, mae, 67.50615547715392, mse, 71464.23101385558, nmse, 8.790335655212402
epoch, 469, r2, -1.441269749073631, mae, 66.50804510176235, mse, 74503.03548667983, nmse, 9.164117813110352
epoch, 470, r2, -1.0988126532570357, mae, 64.92759167395926, mse, 77184.02295422592, nmse, 9.493887901306152
epoch, 471, r2, -1.06000553731069, mae, 64.4078237056306, mse, 75826.27673541658, nmse, 9.32688045501709
epoch, 472, r2, -0.9708752457982333, mae, 63.816631897013565, mse, 71176.09623390723, nmse, 8.75489330291748
epoch, 473, r2, -1.4253586461344618, mae, 63.58569416987033, mse, 70534.33168796952, nmse, 8.67595386505127
epoch, 474, r2, -1.024230256531144, mae, 64.45887032969921, mse, 79220.6048943541, nmse, 9.744393348693848
epoch, 475, r2, -1.0721940557703045, mae, 63.3985442337977, mse, 75356.95077987002, nmse, 9.269152641296387
epoch, 476, r2, -1.1423969207201623, mae, 63.352763344199666, mse, 77586.02162625038, nmse, 9.5433349609375
epoch, 477, r2, -1.314865445934259, mae, 63.375108938413184, mse, 78444.22778224315, nmse, 9.648897171020508
epoch, 478, r2, -1.1569480467399238, mae, 62.500251895642045, mse, 75970.23690081913, nmse, 9.344588279724121
epoch, 479, r2, -1.265591859813622, mae, 63.97514750213896, mse, 80711.03366339226, nmse, 9.927721977233887
epoch, 480, r2, -0.9308196352773156, mae, 62.6705189265131, mse, 73384.70953164599, nmse, 9.026559829711914
epoch, 481, r2, -1.4090941249305589, mae, 63.61665599812771, mse, 73698.86161037032, nmse, 9.065201759338379
epoch, 482, r2, -1.2449381976109966, mae, 63.10059237356587, mse, 77011.41283884057, nmse, 9.47265625
epoch, 483, r2, -0.9357329023815886, mae, 62.65929935632592, mse, 82012.18113202052, nmse, 10.087766647338867
epoch, 484, r2, -1.328741282805024, mae, 62.98426236433041, mse, 73958.16603966815, nmse, 9.09709644317627
epoch, 485, r2, -1.3636108678455623, mae, 61.9423851071137, mse, 69695.3766942683, nmse, 8.572759628295898
epoch, 486, r2, -0.8696372810698763, mae, 62.79503130840339, mse, 73047.38540357602, nmse, 8.985067367553711
epoch, 487, r2, -1.13390848065814, mae, 63.47047401015731, mse, 74848.84704702205, nmse, 9.206653594970703
epoch, 488, r2, -0.8420218196085679, mae, 62.20213584559, mse, 73823.49166402672, nmse, 9.08053207397461
epoch, 489, r2, -1.1712367825899552, mae, 62.2030466163233, mse, 69299.2980977649, nmse, 8.524041175842285
epoch, 490, r2, -1.217149176586316, mae, 61.238902487767604, mse, 72461.81943031018, nmse, 8.913041114807129
epoch, 491, r2, -1.067259257013384, mae, 62.08895170435083, mse, 72561.32779978462, nmse, 8.925281524658203
epoch, 492, r2, -1.3061882642605425, mae, 61.85145215178516, mse, 74629.94758113693, nmse, 9.179727554321289
epoch, 493, r2, -1.1910822061495916, mae, 62.47176621158385, mse, 75534.71207072485, nmse, 9.291017532348633
epoch, 494, r2, -1.0876083067840556, mae, 64.18471072932458, mse, 77919.61537601583, nmse, 9.584368705749512
epoch, 495, r2, -0.7570785343114743, mae, 61.734219751537005, mse, 75431.06447269552, nmse, 9.278267860412598
epoch, 496, r2, -1.3265831564781432, mae, 61.39121435623919, mse, 74374.91801510181, nmse, 9.148359298706055
epoch, 497, r2, -1.2597000501083668, mae, 61.07227959756451, mse, 67340.69959031719, nmse, 8.283127784729004
epoch, 498, r2, -1.1821480129561819, mae, 62.548380424424515, mse, 78728.5956734965, nmse, 9.68387508392334
epoch, 499, r2, -0.9694612162868899, mae, 61.490970333055046, mse, 71210.75095275934, nmse, 8.759156227111816
epoch, 500, r2, -1.2739583542720079, mae, 61.99480885820159, mse, 71709.94880160553, nmse, 8.820558547973633
epoch, 501, r2, -1.1753412595290997, mae, 60.64851992115365, mse, 67829.24969390787, nmse, 8.343219757080078
epoch, 502, r2, -1.1030800702394816, mae, 61.891019365721455, mse, 67189.19714347832, nmse, 8.264491081237793
