epoch, 0, r2, 0.0036518374805862342, mae, 5328.390627016748, mse, 2373207855.40851, nmse, 84.93213653564453
epoch, 1, r2, 0.1844905516300474, mae, 6143.723426114889, mse, 2257418648.177369, nmse, 80.78829193115234
epoch, 2, r2, 0.21767514228153806, mae, 6365.038455801415, mse, 2132193270.1009974, nmse, 76.30673217773438
epoch, 3, r2, 0.14262343846238235, mae, 6128.339947555428, mse, 2040357425.2493765, nmse, 73.0201187133789
epoch, 4, r2, -0.3624677172819755, mae, 6143.4143687412325, mse, 1955934020.6533666, nmse, 69.99878692626953
epoch, 5, r2, -0.9220218769686613, mae, 6126.757809760267, mse, 1896128700.7269328, nmse, 67.85847473144531
epoch, 6, r2, -0.9690860431008487, mae, 6084.110370436214, mse, 1854947616.723192, nmse, 66.38468933105469
epoch, 7, r2, -1.3894421502614636, mae, 6118.272150738875, mse, 1847228696.872818, nmse, 66.10844421386719
epoch, 8, r2, -14.937189206904977, mae, 6020.727745151282, mse, 1820748681.0448878, nmse, 65.16078186035156
epoch, 9, r2, -1.2432985434486323, mae, 5796.535767819221, mse, 1821307173.1084788, nmse, 65.18077087402344
epoch, 10, r2, -2.790946292273621, mae, 5672.291667985797, mse, 1793235837.8927681, nmse, 64.17615509033203
epoch, 11, r2, -2.261328257969462, mae, 5554.401567187987, mse, 1752204095.5124688, nmse, 62.70771408081055
epoch, 12, r2, -65.51660836439115, mae, 5445.555406984248, mse, 1759851622.3528678, nmse, 62.981407165527344
epoch, 13, r2, -1.7020720008991748, mae, 5511.545805895417, mse, 1748895284.7256858, nmse, 62.589298248291016
epoch, 14, r2, -2.394040647434798, mae, 5494.589281039345, mse, 1776928826.894015, nmse, 63.592559814453125
epoch, 15, r2, -2.423758762916718, mae, 5405.85057086897, mse, 1728659199.6783042, nmse, 61.86509323120117
epoch, 16, r2, -2.27782771893324, mae, 5408.7673111532695, mse, 1744632601.0062344, nmse, 62.436744689941406
epoch, 17, r2, -4.840637428137379, mae, 5347.792031761417, mse, 1727076969.9289277, nmse, 61.808467864990234
epoch, 18, r2, -1.347899689817035, mae, 5394.373949464717, mse, 1711226920.4638405, nmse, 61.24122619628906
epoch, 19, r2, -1.779984635732253, mae, 5372.736429647317, mse, 1731199528.381546, nmse, 61.95600509643555
epoch, 20, r2, -1.4673471196081866, mae, 5365.4438523746785, mse, 1702776238.5573566, nmse, 60.93879318237305
epoch, 21, r2, -1.934717200193398, mae, 5352.547572261972, mse, 1703996374.2475061, nmse, 60.98246383666992
epoch, 22, r2, -1.356103016263668, mae, 5310.230973774061, mse, 1667231734.0442643, nmse, 59.66673278808594
epoch, 23, r2, -28.46823107592932, mae, 5328.178503326644, mse, 1694009231.8329177, nmse, 60.62504196166992
epoch, 24, r2, -0.8807450012176168, mae, 5192.702814344753, mse, 1672844130.372818, nmse, 59.86758804321289
epoch, 25, r2, -1.0544624412638566, mae, 5292.283484860846, mse, 1688397553.8578553, nmse, 60.42421340942383
epoch, 26, r2, -1.8079483307279047, mae, 5288.871647632627, mse, 1667828099.0180798, nmse, 59.68807601928711
epoch, 27, r2, -4.640272110079431, mae, 5291.893906743152, mse, 1671046725.0155861, nmse, 59.80326461791992
epoch, 28, r2, -2.1209108080648567, mae, 5260.495511404594, mse, 1685366253.6670823, nmse, 60.315731048583984
epoch, 29, r2, -1.8446661136323417, mae, 5296.05028079216, mse, 1655183619.5997505, nmse, 59.23555374145508
epoch, 30, r2, -0.8414423088987655, mae, 5182.383893172342, mse, 1640175767.3877807, nmse, 58.698455810546875
epoch, 31, r2, -0.9511339464263564, mae, 5169.503604270573, mse, 1638241786.5486283, nmse, 58.629241943359375
epoch, 32, r2, -1.7348278362177174, mae, 5140.045350643168, mse, 1640320021.374065, nmse, 58.703617095947266
epoch, 33, r2, -0.9926493299859769, mae, 5216.602089289715, mse, 1649244129.2182045, nmse, 59.02299499511719
epoch, 34, r2, -1.1971203893723603, mae, 4990.182807598922, mse, 1643777484.8765585, nmse, 58.827354431152344
epoch, 35, r2, -66.80671999970463, mae, 4915.815102289443, mse, 1654902595.9214463, nmse, 59.225502014160156
epoch, 36, r2, -1.7036621682132822, mae, 4918.51346106779, mse, 1597556724.9501247, nmse, 57.17321014404297
epoch, 37, r2, -1.8949716291129106, mae, 5027.162189131663, mse, 1614040669.2992518, nmse, 57.76313781738281
epoch, 38, r2, -1.5232086131861242, mae, 5111.419751402743, mse, 1622892775.0049875, nmse, 58.079933166503906
epoch, 39, r2, -1.0939007463511017, mae, 5027.915051543505, mse, 1601628430.086035, nmse, 57.31892776489258
epoch, 40, r2, -0.55337914489142, mae, 5005.940100767369, mse, 1634701382.3665836, nmse, 58.502540588378906
epoch, 41, r2, -70.17439579472575, mae, 5020.816798640605, mse, 1590901370.1321695, nmse, 56.935028076171875
epoch, 42, r2, -1.230066665766793, mae, 5003.819984493113, mse, 1623141968.5218205, nmse, 58.0888557434082
epoch, 43, r2, -8.148894233105281, mae, 4914.133238528435, mse, 1601582655.3491273, nmse, 57.31728744506836
epoch, 44, r2, -0.9648810716269655, mae, 4927.420590369778, mse, 1564818306.105985, nmse, 56.00157165527344
epoch, 45, r2, -0.9295010532612011, mae, 4922.26210505231, mse, 1577672342.4682045, nmse, 56.46158981323242
epoch, 46, r2, -16.804412929245014, mae, 5048.643744642301, mse, 1577180723.1091022, nmse, 56.443992614746094
epoch, 47, r2, -0.7556904375267827, mae, 4866.942433040933, mse, 1598377252.3584788, nmse, 57.202571868896484
epoch, 48, r2, -1.7226558666675233, mae, 4804.409845746961, mse, 1645603002.0149627, nmse, 58.89268493652344
epoch, 49, r2, -0.7311058592683407, mae, 4856.402959885442, mse, 1554096364.8029926, nmse, 55.617855072021484
epoch, 50, r2, -1.324189675102394, mae, 4971.832579805369, mse, 1564155827.9183292, nmse, 55.97785949707031
epoch, 51, r2, -0.854637264955154, mae, 4968.328162899636, mse, 1544626527.026808, nmse, 55.27894973754883
epoch, 52, r2, -1.7314105199360865, mae, 4913.313795436945, mse, 1579725109.033666, nmse, 56.53505325317383
epoch, 53, r2, -1.067318468155477, mae, 4810.449356345464, mse, 1554127796.2493765, nmse, 55.61897659301758
epoch, 54, r2, -1.4216588026293049, mae, 4664.705566254042, mse, 1591172003.3653367, nmse, 56.9447135925293
epoch, 55, r2, -0.9562245930800276, mae, 4690.556934233021, mse, 1523728505.0349128, nmse, 54.53105163574219
epoch, 56, r2, -1.8242181473440098, mae, 4749.187804262537, mse, 1548080269.8765585, nmse, 55.402549743652344
epoch, 57, r2, -0.7852065362550908, mae, 4747.4179742294655, mse, 1560800927.3859103, nmse, 55.85779571533203
epoch, 58, r2, -0.6609369524950225, mae, 4931.514225453213, mse, 1561443094.9513717, nmse, 55.88077926635742
epoch, 59, r2, -0.614539752304779, mae, 4725.977469503731, mse, 1493362135.0308604, nmse, 53.444305419921875
epoch, 60, r2, -1.0361012533316318, mae, 4838.925225540884, mse, 1517436393.5473816, nmse, 54.305870056152344
epoch, 61, r2, -2615.73620390009, mae, 4883.017712980732, mse, 1526511195.3971322, nmse, 54.63064193725586
epoch, 62, r2, -5.015402396705135, mae, 4707.302681559042, mse, 1521639309.8117206, nmse, 54.45628356933594
epoch, 63, r2, -0.8949544442250422, mae, 4610.7893630334565, mse, 1533165567.531484, nmse, 54.8687858581543
epoch, 64, r2, -0.7492200351068666, mae, 4602.714411481063, mse, 1535800409.6209476, nmse, 54.96308135986328
epoch, 65, r2, -1.028604740142248, mae, 4567.152313460733, mse, 1543129499.19202, nmse, 55.225372314453125
epoch, 66, r2, -0.6512342102856548, mae, 4510.6028241469085, mse, 1545867141.0149627, nmse, 55.32334899902344
epoch, 67, r2, -0.839752288442356, mae, 4609.433624343682, mse, 1537691691.4962595, nmse, 55.030765533447266
epoch, 68, r2, -4.678245697990828, mae, 4578.640453614499, mse, 1522139739.0872817, nmse, 54.47419357299805
epoch, 69, r2, -0.7140229168677208, mae, 4671.354324150561, mse, 1526476450.627182, nmse, 54.62939453125
epoch, 70, r2, -0.7811513316231065, mae, 4694.253925123714, mse, 1524896525.5199502, nmse, 54.572853088378906
epoch, 71, r2, -1.3133324618842694, mae, 4740.107983976825, mse, 1545609556.5773067, nmse, 55.31413269042969
epoch, 72, r2, -0.5572807605893975, mae, 4615.521188940491, mse, 1521621024.9239402, nmse, 54.45562744140625
epoch, 73, r2, -0.8571871903891406, mae, 4459.473155566285, mse, 1484026537.1577306, nmse, 53.110198974609375
epoch, 74, r2, -0.811988857111946, mae, 4551.401277080736, mse, 1523060320.1982543, nmse, 54.50714111328125
epoch, 75, r2, -0.7346701210320146, mae, 4532.040730997214, mse, 1535151663.632793, nmse, 54.93986129760742
epoch, 76, r2, -0.7202962255440393, mae, 4685.459259109307, mse, 1525122315.4769328, nmse, 54.5809326171875
epoch, 77, r2, -0.8034083638367306, mae, 4774.290669505435, mse, 1549473130.717581, nmse, 55.45240020751953
epoch, 78, r2, -1166.2692470013205, mae, 4726.907380139739, mse, 1470456364.0386534, nmse, 52.62455368041992
epoch, 79, r2, -0.5838725574744077, mae, 4664.276755468506, mse, 1442933144.2680798, nmse, 51.63955307006836
epoch, 80, r2, -0.5942772812707802, mae, 4514.373753345518, mse, 1498578668.2605984, nmse, 53.6309928894043
epoch, 81, r2, -0.30848190346327, mae, 4416.8878875504115, mse, 1493183144.3304238, nmse, 53.437896728515625
epoch, 82, r2, -0.4730489836064553, mae, 4429.747337740853, mse, 1511323365.5985038, nmse, 54.087100982666016
epoch, 83, r2, -0.6355348634900322, mae, 4518.250940489353, mse, 1551108565.3397756, nmse, 55.510929107666016
epoch, 84, r2, -0.37779572695306846, mae, 4475.289841345124, mse, 1522691961.406484, nmse, 54.49395751953125
epoch, 85, r2, -1.0542333307009892, mae, 4641.340451666245, mse, 1502258477.1371572, nmse, 53.7626838684082
epoch, 86, r2, -0.5343149863547237, mae, 4706.558095879685, mse, 1490835867.1620948, nmse, 53.3538932800293
epoch, 87, r2, -0.7729703534785289, mae, 4520.469559134391, mse, 1443944732.3821695, nmse, 51.675758361816406
epoch, 88, r2, -0.37034230761985343, mae, 4404.109631469422, mse, 1468205998.4008727, nmse, 52.54401779174805
epoch, 89, r2, -1.4312916383425855, mae, 4499.9286159601, mse, 1477819128.1309228, nmse, 52.88805389404297
epoch, 90, r2, -0.9496017096968089, mae, 4520.46557708512, mse, 1431366453.7281795, nmse, 51.22560501098633
epoch, 91, r2, -0.4485703470822297, mae, 4570.010624455098, mse, 1441995411.138404, nmse, 51.605995178222656
epoch, 92, r2, -26.522946129496578, mae, 4714.956213439789, mse, 1557142694.7939527, nmse, 55.72687530517578
epoch, 93, r2, -0.5095327376622658, mae, 4674.133608011831, mse, 1502330662.224439, nmse, 53.76526641845703
epoch, 94, r2, -0.3176129626467582, mae, 4529.398184226932, mse, 1504156428.4426434, nmse, 53.83060836791992
epoch, 95, r2, -1.148281134571328, mae, 4769.6676402864905, mse, 1483678198.074813, nmse, 53.09773635864258
epoch, 96, r2, -18.89569900596162, mae, 4609.944908693841, mse, 1436928968.1209476, nmse, 51.4246826171875
epoch, 97, r2, -0.07208621011624392, mae, 4583.822164635409, mse, 1443862123.7069826, nmse, 51.67280197143555
epoch, 98, r2, -0.41298943634176727, mae, 4655.93212540548, mse, 1403744659.6658354, nmse, 50.23707962036133
epoch, 99, r2, -8.671325180889037, mae, 4527.9199246908365, mse, 1483224601.6041148, nmse, 53.08150100708008
epoch, 100, r2, -0.4749735818560443, mae, 4449.254512720275, mse, 1442168421.1471322, nmse, 51.61219024658203
epoch, 101, r2, -0.5863798866365748, mae, 4557.5773712690925, mse, 1443474821.1995013, nmse, 51.658939361572266
epoch, 102, r2, -0.6359602062844216, mae, 4596.900702650113, mse, 1394984166.3198254, nmse, 49.92356491088867
epoch, 103, r2, -1.482190042712764, mae, 4587.554259340662, mse, 1426504193.069202, nmse, 51.051597595214844
epoch, 104, r2, 0.1421061810870774, mae, 4470.684008134571, mse, 1439161724.563591, nmse, 51.50458526611328
epoch, 105, r2, -0.4075037816846056, mae, 4401.925043500867, mse, 1406361382.0735662, nmse, 50.330726623535156
epoch, 106, r2, 0.06355332139914982, mae, 4457.015185349005, mse, 1477405806.988778, nmse, 52.873260498046875
epoch, 107, r2, 0.12819339722476833, mae, 4172.564225955497, mse, 1380679056.9800498, nmse, 49.41161346435547
epoch, 108, r2, -31.894916299781777, mae, 4166.39049060089, mse, 1365311379.9114714, nmse, 48.86163330078125
epoch, 109, r2, -0.1601522499357324, mae, 4176.216356539072, mse, 1353957591.7094762, nmse, 48.45530700683594
epoch, 110, r2, 0.11496429233108792, mae, 4077.2509849339053, mse, 1328030817.9931421, nmse, 47.527442932128906
epoch, 111, r2, 0.14370038219890463, mae, 4005.210120222515, mse, 1426930407.334788, nmse, 51.06685256958008
epoch, 112, r2, -0.008024346768525589, mae, 3968.4064843993533, mse, 1425319498.1720698, nmse, 51.00920104980469
epoch, 113, r2, 0.10570945066674088, mae, 3942.7025834461697, mse, 1348172546.1399627, nmse, 48.24827194213867
epoch, 114, r2, 0.1721439798926271, mae, 3953.7249038201617, mse, 1315996091.1427681, nmse, 47.09674072265625
epoch, 115, r2, 0.26140121095926305, mae, 3817.157441859828, mse, 1315391788.8313591, nmse, 47.07511520385742
epoch, 116, r2, 0.21519668772501474, mae, 3861.9311585081487, mse, 1354857669.3949502, nmse, 48.48752212524414
epoch, 117, r2, -13.608169916778461, mae, 3793.40149374793, mse, 1381477020.274626, nmse, 49.44017028808594
epoch, 118, r2, 0.11241553884783395, mae, 3815.1133071252534, mse, 1369050019.2886534, nmse, 48.99543380737305
epoch, 119, r2, 0.31243132010740515, mae, 3816.748734471804, mse, 1324476457.7743142, nmse, 47.400238037109375
epoch, 120, r2, -0.12260853547775645, mae, 3780.4942671093263, mse, 1362849865.5776184, nmse, 48.77354431152344
epoch, 121, r2, -11.027392008547324, mae, 3743.241045335879, mse, 1290279173.7206984, nmse, 46.176387786865234
epoch, 122, r2, 0.24728775656486318, mae, 3738.3600328402626, mse, 1356347508.8812344, nmse, 48.540836334228516
epoch, 123, r2, -3.514567962472353, mae, 3843.1019391371424, mse, 1338448021.5461347, nmse, 47.90024948120117
epoch, 124, r2, -1.194200208805414, mae, 3789.842854944548, mse, 1331883859.339152, nmse, 47.66533660888672
epoch, 125, r2, 0.25557009940995673, mae, 3732.5963054856757, mse, 1307394821.839152, nmse, 46.78892135620117
epoch, 126, r2, -34.111700064340695, mae, 3795.3938270625927, mse, 1357945391.6460412, nmse, 48.598018646240234
epoch, 127, r2, 0.23852036832657694, mae, 3697.2851474219724, mse, 1292688360.5791771, nmse, 46.262611389160156
epoch, 128, r2, -96.10843115881296, mae, 3685.1919586866575, mse, 1254775051.6234415, nmse, 44.90576934814453
epoch, 129, r2, 0.27704730243164405, mae, 3787.5288177261923, mse, 1259660799.185162, nmse, 45.080623626708984
epoch, 130, r2, 0.31504513787070976, mae, 3681.400402497175, mse, 1247910785.1965399, nmse, 44.66011428833008
epoch, 131, r2, 0.14228277876642428, mae, 3790.414342561565, mse, 1351718623.155237, nmse, 48.375179290771484
epoch, 132, r2, -201.76485938859983, mae, 3810.5270153625943, mse, 1318617769.7068267, nmse, 47.19056701660156
epoch, 133, r2, 0.08660454527396341, mae, 3801.5107417308777, mse, 1400451384.5794888, nmse, 50.11922073364258
epoch, 134, r2, -0.09711062448514736, mae, 3695.9789930995266, mse, 1330910013.0084164, nmse, 47.6304817199707
epoch, 135, r2, 0.30666620267913064, mae, 3952.2386183893295, mse, 1369101095.6558604, nmse, 48.99726104736328
epoch, 136, r2, 0.19143921414554962, mae, 3853.700448661671, mse, 1333768110.8628428, nmse, 47.732765197753906
epoch, 137, r2, 0.143815231118325, mae, 3791.9602497509886, mse, 1301888120.5932045, nmse, 46.59185028076172
epoch, 138, r2, 0.1518651203682859, mae, 3855.3143718462634, mse, 1307814613.0498753, nmse, 46.80394744873047
epoch, 139, r2, 0.22649256942731832, mae, 3847.79164264327, mse, 1395950119.2989402, nmse, 49.9581298828125
epoch, 140, r2, -0.06609734706267384, mae, 3804.977323080239, mse, 1333309696.5816708, nmse, 47.71636199951172
epoch, 141, r2, 0.22510237363783817, mae, 3798.2716929752037, mse, 1273367813.0282106, nmse, 45.5711669921875
epoch, 142, r2, 0.3263556400643803, mae, 3793.5520142819223, mse, 1359430544.0653055, nmse, 48.65117263793945
epoch, 143, r2, -0.05218280309344319, mae, 3782.105631459681, mse, 1247096142.0007794, nmse, 44.63096237182617
epoch, 144, r2, -1397.3168504410455, mae, 3696.8787617291, mse, 1319617796.9058604, nmse, 47.226356506347656
epoch, 145, r2, 0.29838662199841004, mae, 3657.125512862741, mse, 1260200194.8089151, nmse, 45.09992599487305
epoch, 146, r2, 0.1998846277495247, mae, 3818.4389200947826, mse, 1289755879.7066708, nmse, 46.15766143798828
epoch, 147, r2, -63.12120126927097, mae, 3710.0775211933546, mse, 1268319294.9950125, nmse, 45.39048767089844
epoch, 148, r2, 0.23841786272072849, mae, 3709.9701254980223, mse, 1256774070.1543016, nmse, 44.97731018066406
epoch, 149, r2, -0.8970076254594908, mae, 3791.9294039376655, mse, 1325012639.9775562, nmse, 47.41942596435547
epoch, 150, r2, 0.32880086187149543, mae, 3725.138177733766, mse, 1289188337.6212595, nmse, 46.137351989746094
epoch, 151, r2, -2.083442638320851, mae, 3756.8895554387955, mse, 1306252432.701995, nmse, 46.74803924560547
epoch, 152, r2, -758.460157975373, mae, 3790.2796747298016, mse, 1300849768.5317955, nmse, 46.554691314697266
epoch, 153, r2, -0.20678334989029235, mae, 3801.022315959978, mse, 1308339059.5741894, nmse, 46.822715759277344
epoch, 154, r2, 0.130285193372881, mae, 3705.6570465772825, mse, 1318311392.1714463, nmse, 47.179603576660156
epoch, 155, r2, -9.210403271732034, mae, 3699.253456248904, mse, 1270544063.0595386, nmse, 45.47010803222656
epoch, 156, r2, -0.5602741462047585, mae, 3679.2834262610077, mse, 1237016717.7526495, nmse, 44.27023696899414
epoch, 157, r2, 0.20879094029323728, mae, 3808.4612785206173, mse, 1339547472.6468205, nmse, 47.93960189819336
epoch, 158, r2, -0.49179440406469327, mae, 3823.6748409128545, mse, 1322881076.9326684, nmse, 47.343143463134766
epoch, 159, r2, -0.12099325231113996, mae, 3809.9646918470426, mse, 1312202932.7877183, nmse, 46.960994720458984
epoch, 160, r2, 0.34373951620125004, mae, 3788.8556275022893, mse, 1193942650.4915836, nmse, 42.72870635986328
epoch, 161, r2, 0.2825995706984931, mae, 3686.729021562305, mse, 1301999349.3545823, nmse, 46.595829010009766
epoch, 162, r2, 0.22863673499219128, mae, 3723.275191842172, mse, 1275684491.9205112, nmse, 45.654075622558594
epoch, 163, r2, 0.1832370243656536, mae, 3718.9881347504042, mse, 1256307465.3276963, nmse, 44.96061325073242
epoch, 164, r2, 0.1740112325087074, mae, 3687.975988373792, mse, 1288437985.2640274, nmse, 46.11050033569336
epoch, 165, r2, 0.31773663697250265, mae, 3742.2466870543367, mse, 1224434012.2877183, nmse, 43.81993103027344
epoch, 166, r2, -4.3716405704691805, mae, 3714.7695167903, mse, 1298772406.5779302, nmse, 46.480342864990234
epoch, 167, r2, 0.2573283242153798, mae, 3684.949488575619, mse, 1239335986.5469139, nmse, 44.35323715209961
epoch, 168, r2, 0.2519987525224249, mae, 3663.6537955800195, mse, 1284732299.409601, nmse, 45.97787857055664
epoch, 169, r2, 0.2318793912266102, mae, 3696.3393107958864, mse, 1308645535.812344, nmse, 46.833683013916016
epoch, 170, r2, 0.13230832481100432, mae, 3743.6633243703486, mse, 1260140392.0130143, nmse, 45.09778594970703
epoch, 171, r2, 0.27716193231357483, mae, 3661.613669150488, mse, 1206618631.41303, nmse, 43.18235397338867
epoch, 172, r2, 0.32561327139632756, mae, 3664.6640756659376, mse, 1355603305.33697, nmse, 48.51420593261719
epoch, 173, r2, 0.15751029999785862, mae, 3620.3519926380336, mse, 1347844394.926278, nmse, 48.23652648925781
epoch, 174, r2, 0.31809863029601176, mae, 3678.4541852765547, mse, 1319949202.6789277, nmse, 47.238216400146484
epoch, 175, r2, 0.30489260039849186, mae, 3712.589015285273, mse, 1210356124.1087906, nmse, 43.31610870361328
epoch, 176, r2, 0.22263431714899912, mae, 3645.014570279014, mse, 1228997482.0081048, nmse, 43.983245849609375
epoch, 177, r2, 0.34487977233118366, mae, 3762.842632112955, mse, 1244879375.850374, nmse, 44.5516242980957
epoch, 178, r2, -0.14716322214582434, mae, 3696.8516082002634, mse, 1261815238.4466958, nmse, 45.1577262878418
epoch, 179, r2, 0.2204431528691323, mae, 3784.7931560411716, mse, 1306012931.6926434, nmse, 46.73946762084961
epoch, 180, r2, -39.247836854782776, mae, 3764.8916193707623, mse, 1231627324.4360971, nmse, 44.077362060546875
epoch, 181, r2, 0.27491795623523085, mae, 3599.8573717987747, mse, 1197781074.78803, nmse, 42.8660774230957
epoch, 182, r2, 0.2198426026926059, mae, 3689.7252517662146, mse, 1273276068.3859103, nmse, 45.5678825378418
epoch, 183, r2, 0.3125057140089056, mae, 3713.867107743337, mse, 1312284753.4177058, nmse, 46.963924407958984
epoch, 184, r2, -0.32433574090034994, mae, 3665.1700390746764, mse, 1265923308.5841646, nmse, 45.304744720458984
epoch, 185, r2, 0.2278784274316009, mae, 3734.2783805866193, mse, 1303814547.550187, nmse, 46.66079330444336
epoch, 186, r2, 0.2675305770057392, mae, 3684.510630162874, mse, 1227728594.5296135, nmse, 43.937835693359375
epoch, 187, r2, 0.26008559029848555, mae, 3641.047057040017, mse, 1267678056.1611595, nmse, 45.3675422668457
epoch, 188, r2, -1.1771669248581016, mae, 3580.1748775187275, mse, 1246985110.4741273, nmse, 44.626983642578125
epoch, 189, r2, 0.22941209639000923, mae, 3695.1561687973667, mse, 1260525170.8309693, nmse, 45.11155700683594
epoch, 190, r2, 0.02047144453715204, mae, 3776.4538587156376, mse, 1249413177.5283666, nmse, 44.7138786315918
epoch, 191, r2, 0.2678908923468478, mae, 3661.0803465427007, mse, 1180337656.924096, nmse, 42.24181365966797
epoch, 192, r2, 0.351097443451533, mae, 3737.8487675540764, mse, 1236653625.2259974, nmse, 44.257240295410156
epoch, 193, r2, -35.82498779165171, mae, 3703.0097555412617, mse, 1229028597.0015585, nmse, 43.98435974121094
epoch, 194, r2, 0.32312041384003937, mae, 3668.026634615853, mse, 1163713350.1106608, nmse, 41.64686584472656
epoch, 195, r2, 0.020239662694568034, mae, 3692.353999492236, mse, 1259259042.1917083, nmse, 45.06624221801758
epoch, 196, r2, 0.23841724424628805, mae, 3693.788722582886, mse, 1206402153.6710956, nmse, 43.17460632324219
epoch, 197, r2, -0.05523870283740244, mae, 3698.089508437159, mse, 1330707569.1988778, nmse, 47.62323760986328
epoch, 198, r2, 0.15811348609513734, mae, 3694.8733476367674, mse, 1182257281.451995, nmse, 42.31051254272461
epoch, 199, r2, 0.1813635698792715, mae, 3754.2752168802845, mse, 1243388788.6404302, nmse, 44.4982795715332
epoch, 200, r2, -0.5197056420195911, mae, 3686.959794955361, mse, 1322545104.5761378, nmse, 47.33112335205078
epoch, 201, r2, 0.1708143572209154, mae, 3683.4333901726395, mse, 1149292812.3930798, nmse, 41.13078308105469
epoch, 202, r2, 0.23924998153327348, mae, 3644.0779716130205, mse, 1186322863.587126, nmse, 42.45600891113281
epoch, 203, r2, 0.08018412886633886, mae, 3751.0549559938045, mse, 1268154837.6664588, nmse, 45.38460922241211
epoch, 204, r2, 0.3151886762242102, mae, 3725.1397109186264, mse, 1285006515.0445762, nmse, 45.98768997192383
epoch, 205, r2, -16.607461338779878, mae, 3606.5010018289236, mse, 1186224603.5919576, nmse, 42.45249557495117
epoch, 206, r2, 0.32202728893221283, mae, 3646.8920581846164, mse, 1232190000.8045511, nmse, 44.09749984741211
epoch, 207, r2, 0.27583923786275777, mae, 3778.064428581561, mse, 1259920365.2162561, nmse, 45.08991241455078
epoch, 208, r2, 0.41444548114680274, mae, 3722.6540138834434, mse, 1236577739.9752183, nmse, 44.2545280456543
epoch, 209, r2, 0.3146643226887655, mae, 3607.999411337988, mse, 1178285122.5417705, nmse, 42.168357849121094
epoch, 210, r2, 0.4356407844514161, mae, 3631.7584315654344, mse, 1146939100.012274, nmse, 41.04655075073242
epoch, 211, r2, 0.04744071753976047, mae, 3554.820719045891, mse, 1172392335.3251247, nmse, 41.95746612548828
epoch, 212, r2, 0.34029320583544137, mae, 3637.7272193509148, mse, 1215292441.0710723, nmse, 43.49277114868164
epoch, 213, r2, -0.14247160031752637, mae, 3607.3708449670503, mse, 1188113831.9317331, nmse, 42.520103454589844
epoch, 214, r2, -2.0251764839895317, mae, 3759.6966240328743, mse, 1204166227.2638717, nmse, 43.09458923339844
epoch, 215, r2, -0.9435910166507336, mae, 3654.4966753343692, mse, 1243160679.538965, nmse, 44.49011993408203
epoch, 216, r2, 0.2629884931509836, mae, 3627.5807302574863, mse, 1219014711.575904, nmse, 43.625980377197266
epoch, 217, r2, 0.13554653774452494, mae, 3760.041835642218, mse, 1287402263.0520573, nmse, 46.073429107666016
epoch, 218, r2, -1.2651445107810138, mae, 3683.402190020554, mse, 1235617724.7029302, nmse, 44.22016906738281
epoch, 219, r2, 0.31088677378568047, mae, 3750.530372905018, mse, 1273436080.8969762, nmse, 45.5736083984375
epoch, 220, r2, 0.1565830345668894, mae, 3723.88216607529, mse, 1146060955.0174563, nmse, 41.01512145996094
epoch, 221, r2, -0.026021177463509973, mae, 3751.660457544493, mse, 1205115218.8399315, nmse, 43.1285514831543
epoch, 222, r2, -39.777982787639104, mae, 3714.848472994759, mse, 1202096188.7646508, nmse, 43.020503997802734
epoch, 223, r2, -3.1446309529828325, mae, 3672.9215548698444, mse, 1207839893.0641365, nmse, 43.22605895996094
epoch, 224, r2, -3.7682759086566406, mae, 3681.4333276534617, mse, 1199685419.0988154, nmse, 42.934226989746094
epoch, 225, r2, -6.413712679162709, mae, 3618.3410141485883, mse, 1169395555.223192, nmse, 41.8502197265625
epoch, 226, r2, 0.32785686784262863, mae, 3839.480119928755, mse, 1287877070.572475, nmse, 46.090423583984375
epoch, 227, r2, 0.2988303101189226, mae, 3681.2524898081942, mse, 1075911369.8276184, nmse, 38.504615783691406
epoch, 228, r2, -0.7101603027134561, mae, 3686.114408155332, mse, 1216931834.3855984, nmse, 43.55144119262695
epoch, 229, r2, 0.27558383621675175, mae, 3584.970319790733, mse, 1174494705.0166771, nmse, 42.03270721435547
epoch, 230, r2, 0.22538473794530975, mae, 3650.177086276009, mse, 1302447784.018937, nmse, 46.61187744140625
epoch, 231, r2, 0.27787679302332247, mae, 3617.953640374162, mse, 1242695714.7202306, nmse, 44.47347640991211
epoch, 232, r2, 0.0526469251019455, mae, 3589.2451082833686, mse, 1209826305.648457, nmse, 43.297149658203125
epoch, 233, r2, 0.32013138717582745, mae, 3613.1032740719, mse, 1234354367.3372817, nmse, 44.174957275390625
epoch, 234, r2, -1.2159601526025952, mae, 3721.722972841334, mse, 1287319909.8709476, nmse, 46.07048416137695
epoch, 235, r2, 0.3032262368687352, mae, 3737.23712858357, mse, 1218665725.8971322, nmse, 43.613494873046875
epoch, 236, r2, 0.22682942543392268, mae, 3761.3892829875995, mse, 1230519163.313591, nmse, 44.03770446777344
epoch, 237, r2, 0.3319576119791778, mae, 3575.2228129474897, mse, 1165119505.1658354, nmse, 41.69718551635742
epoch, 238, r2, 0.03320126180579325, mae, 3756.4250910656706, mse, 1264921772.0660849, nmse, 45.268898010253906
epoch, 239, r2, 0.2903457992911002, mae, 3736.227699869589, mse, 1206714808.061565, nmse, 43.185794830322266
epoch, 240, r2, 0.37141056938781336, mae, 3615.9823778870696, mse, 1149092683.599283, nmse, 41.12362289428711
epoch, 241, r2, 0.1591211930901272, mae, 3682.5351677797084, mse, 1258653375.0743454, nmse, 45.0445671081543
epoch, 242, r2, 0.2720013806439811, mae, 3741.3695553900893, mse, 1285627571.4869077, nmse, 46.009918212890625
epoch, 243, r2, 0.193568150122726, mae, 3595.9579224241643, mse, 1184885562.522288, nmse, 42.404571533203125
epoch, 244, r2, 0.2015617514503491, mae, 3730.42633250705, mse, 1160599168.283354, nmse, 41.53541564941406
epoch, 245, r2, 0.3574722862475289, mae, 3576.407365451727, mse, 1176471307.0685785, nmse, 42.10344314575195
epoch, 246, r2, 0.31351617595297, mae, 3650.7955935280816, mse, 1194561514.8690772, nmse, 42.7508544921875
epoch, 247, r2, 0.12102066053400577, mae, 3710.4541581075387, mse, 1316630844.1634974, nmse, 47.11945724487305
epoch, 248, r2, 0.17881427383750395, mae, 3680.845452211147, mse, 1080383458.8529067, nmse, 38.6646614074707
epoch, 249, r2, 0.2831263707366126, mae, 3675.9712618021595, mse, 1161794040.9513717, nmse, 41.57817459106445
epoch, 250, r2, -23.068832469073868, mae, 3591.1974116679735, mse, 1240405010.473348, nmse, 44.39149856567383
epoch, 251, r2, -0.5465662809745983, mae, 3546.3241708807814, mse, 1053789227.0985037, nmse, 37.71290969848633
epoch, 252, r2, 0.21769555381929717, mae, 3579.7065949475677, mse, 1148366461.6257794, nmse, 41.09762954711914
epoch, 253, r2, 0.33136112676908475, mae, 3608.5355350180457, mse, 1167468284.9458776, nmse, 41.781246185302734
epoch, 254, r2, 0.2090858422912815, mae, 3653.899410485627, mse, 1227666932.7004364, nmse, 43.935630798339844
epoch, 255, r2, 0.08255862772826708, mae, 3562.3344487596923, mse, 1209704307.425187, nmse, 43.29278564453125
epoch, 256, r2, 0.20799470633083997, mae, 3637.8505234183217, mse, 1085429057.844919, nmse, 38.84523391723633
epoch, 257, r2, 0.2965865862841419, mae, 3749.0357894326685, mse, 1145381064.6151807, nmse, 40.99079132080078
epoch, 258, r2, 0.2601818651579639, mae, 3706.325969248936, mse, 1216273453.6416771, nmse, 43.52787780761719
epoch, 259, r2, 0.20657294042721056, mae, 3633.3589782714844, mse, 1199864867.0250936, nmse, 42.940650939941406
epoch, 260, r2, 0.2288485436059624, mae, 3608.280250187824, mse, 1120755023.9571383, nmse, 40.10947799682617
epoch, 261, r2, 0.2212769220915786, mae, 3608.95916626281, mse, 1286266286.6966958, nmse, 46.03277587890625
epoch, 262, r2, 0.04733179998152691, mae, 3534.695747889188, mse, 1188284133.3915212, nmse, 42.52620315551758
epoch, 263, r2, 0.24626795504490906, mae, 3526.0168630547655, mse, 1110837062.7916148, nmse, 39.75453567504883
epoch, 264, r2, 0.3028049905894282, mae, 3667.190211193817, mse, 1242624517.7796135, nmse, 44.47092819213867
epoch, 265, r2, 0.2611909668215186, mae, 3714.8878937909135, mse, 1022881224.4236284, nmse, 36.60677719116211
epoch, 266, r2, 0.34828941867326907, mae, 3633.593606164033, mse, 1140352612.4847257, nmse, 40.81083297729492
epoch, 267, r2, 0.2546443896685577, mae, 3662.430673042735, mse, 1176261580.5307045, nmse, 42.09593963623047
epoch, 268, r2, 0.18903886884044166, mae, 3598.318201079333, mse, 1157350016.1948254, nmse, 41.419132232666016
epoch, 269, r2, 0.26558182854682055, mae, 3559.5667221944527, mse, 1188254918.7341998, nmse, 42.5251579284668
epoch, 270, r2, -15.119860992179078, mae, 3599.3829336570684, mse, 1216595437.3990026, nmse, 43.53940200805664
epoch, 271, r2, -1.9512998035403333, mae, 3604.2136265476447, mse, 1175464635.5545511, nmse, 42.06741714477539
epoch, 272, r2, 0.16427731942051788, mae, 3584.320070794693, mse, 1151704694.706515, nmse, 41.217098236083984
epoch, 273, r2, 0.034361223290231425, mae, 3641.9373408671922, mse, 1191371110.4228492, nmse, 42.63667678833008
epoch, 274, r2, 0.34714406000290404, mae, 3592.341265366856, mse, 1102552170.527743, nmse, 39.45803451538086
epoch, 275, r2, 0.34020398157394294, mae, 3689.913761357714, mse, 1166042325.716646, nmse, 41.7302131652832
epoch, 276, r2, -1.0988291244941275, mae, 3588.4150224718965, mse, 1105563469.7013717, nmse, 39.56580352783203
epoch, 277, r2, -0.004403436191574738, mae, 3629.215573508246, mse, 1191294546.473192, nmse, 42.63393783569336
epoch, 278, r2, 0.2667605403686887, mae, 3833.6690988136347, mse, 1381049972.676278, nmse, 49.424888610839844
epoch, 279, r2, 0.2595169423353922, mae, 3640.644197154818, mse, 1145766383.3377495, nmse, 41.004581451416016
epoch, 280, r2, 0.27530918936950927, mae, 3568.2782990795718, mse, 1168960201.5026495, nmse, 41.83464050292969
epoch, 281, r2, 0.16728466697521743, mae, 3556.1611350195067, mse, 1141246600.3078241, nmse, 40.84282684326172
epoch, 282, r2, -4.256509664386155, mae, 3632.2691455565187, mse, 1240944340.1463528, nmse, 44.41080093383789
epoch, 283, r2, 0.30373990170078813, mae, 3589.1015706430944, mse, 1178836980.0709164, nmse, 42.188106536865234
epoch, 284, r2, 0.27856867920525447, mae, 3578.5605217607836, mse, 1176250765.5900872, nmse, 42.095550537109375
epoch, 285, r2, 0.27893108118919524, mae, 3546.1231427275925, mse, 1100776140.5260677, nmse, 39.394474029541016
epoch, 286, r2, 0.19064760565167801, mae, 3556.6950857871193, mse, 1040960411.3636222, nmse, 37.25379180908203
epoch, 287, r2, 0.3864529943673724, mae, 3457.0330333376764, mse, 1102586705.7827306, nmse, 39.45927047729492
epoch, 0, r2, -0.02347058031054024, mae, 5263.635951929259, mse, 2383287472.303577, nmse, 85.2928695678711
epoch, 1, r2, -1.8574486906459886, mae, 5429.875418341962, mse, 2344115023.4008727, nmse, 83.8909683227539
epoch, 2, r2, 0.16534683653034193, mae, 5771.204584516492, mse, 2282814712.2125936, nmse, 81.69715881347656
epoch, 3, r2, 0.2311386630489502, mae, 5925.573086022736, mse, 2212002230.3419576, nmse, 79.16293334960938
epoch, 4, r2, 0.289348904282355, mae, 5828.388792727654, mse, 2146165875.5804238, nmse, 76.8067855834961
epoch, 5, r2, 0.2778083775628863, mae, 5534.111791139826, mse, 2081001857.7593517, nmse, 74.47470092773438
epoch, 6, r2, 0.2608131332082373, mae, 5248.702660615308, mse, 2025344782.8160849, nmse, 72.48284912109375
epoch, 7, r2, -0.06305352677986142, mae, 4966.385050100579, mse, 1968449814.3721945, nmse, 70.44669342041016
epoch, 8, r2, -0.044102543778328375, mae, 4819.260475367976, mse, 1916304326.3946383, nmse, 68.58052062988281
epoch, 9, r2, -75.17800005481142, mae, 4731.103288836015, mse, 1885032945.8578553, nmse, 67.46138000488281
epoch, 10, r2, -0.8739000457825918, mae, 4679.305253102595, mse, 1851243934.8004987, nmse, 66.25214385986328
epoch, 11, r2, -0.7550536227302733, mae, 4758.818298492051, mse, 1828672455.0866582, nmse, 65.4443588256836
epoch, 12, r2, -1.0529914894363308, mae, 4684.575040974225, mse, 1808665213.6221945, nmse, 64.72834014892578
epoch, 13, r2, -7.298535414782356, mae, 4754.403446187996, mse, 1802378942.8628428, nmse, 64.50336456298828
epoch, 14, r2, -4.2312923527819315, mae, 4722.922516706281, mse, 1779093374.1209476, nmse, 63.67002487182617
epoch, 15, r2, -1.0463766002915325, mae, 4705.286420636641, mse, 1765525600.1889029, nmse, 63.18446350097656
epoch, 16, r2, -1.5412947519050704, mae, 4675.981002693462, mse, 1751065160.0162094, nmse, 62.66695785522461
epoch, 17, r2, -1.7868870194679027, mae, 4718.8846820631525, mse, 1739261935.9189527, nmse, 62.244544982910156
epoch, 18, r2, -1.3444490216310274, mae, 4681.522205229115, mse, 1720607091.6683292, nmse, 61.57692337036133
epoch, 19, r2, -1.6952946926935062, mae, 4778.029141014651, mse, 1710082997.3260598, nmse, 61.200286865234375
epoch, 20, r2, -34.22194766405393, mae, 4611.866287041186, mse, 1706645597.3241894, nmse, 61.077274322509766
epoch, 21, r2, -1.6264725500212904, mae, 4799.884821332898, mse, 1699068754.1371572, nmse, 60.806114196777344
epoch, 22, r2, -1.1300856643759338, mae, 4807.237398903863, mse, 1686199651.471945, nmse, 60.34555435180664
epoch, 23, r2, -1.3573617008765437, mae, 4957.626276563231, mse, 1675962870.7593517, nmse, 59.97920227050781
epoch, 24, r2, -2.0243286281610535, mae, 5220.644866258426, mse, 1657403227.189526, nmse, 59.31499099731445
epoch, 25, r2, -0.7413019193634371, mae, 5170.603788076196, mse, 1625622750.6695762, nmse, 58.177635192871094
epoch, 26, r2, -0.5837817657040547, mae, 5270.447066081135, mse, 1618443574.9033666, nmse, 57.92070388793945
epoch, 27, r2, -1.1853416615461565, mae, 5341.732778801288, mse, 1605955866.4800498, nmse, 57.47379684448242
epoch, 28, r2, -0.1999454178970758, mae, 5315.742985827667, mse, 1584933530.1034913, nmse, 56.72145080566406
epoch, 29, r2, -0.20679628321391363, mae, 5317.000250685542, mse, 1576680364.0573566, nmse, 56.42608642578125
epoch, 30, r2, -0.2834869729686492, mae, 5322.690894681022, mse, 1558209169.132793, nmse, 55.76504135131836
epoch, 31, r2, -0.36550858831737626, mae, 5398.334566568199, mse, 1556580526.6109726, nmse, 55.706756591796875
epoch, 32, r2, 0.021664615026667552, mae, 5452.884195456184, mse, 1541982676.0, nmse, 55.18433380126953
epoch, 33, r2, -5.632181368520678, mae, 5527.126732728725, mse, 1545488393.2817955, nmse, 55.309791564941406
epoch, 34, r2, 0.04318814804684991, mae, 5436.333739168924, mse, 1513739813.2319202, nmse, 54.17357635498047
epoch, 35, r2, -0.4251754209276321, mae, 5537.117825553304, mse, 1521696616.1870325, nmse, 54.458335876464844
epoch, 36, r2, -0.0231161934711607, mae, 5570.843897184529, mse, 1499214704.2394016, nmse, 53.65375518798828
epoch, 37, r2, -0.09521200212089027, mae, 5530.473050162679, mse, 1501498143.6695762, nmse, 53.7354736328125
epoch, 38, r2, -0.25640504154705673, mae, 5650.826189531055, mse, 1501902281.9170823, nmse, 53.74993896484375
epoch, 39, r2, -0.19206104325483847, mae, 5604.7000724811505, mse, 1481702589.190773, nmse, 53.02703094482422
epoch, 40, r2, 0.11972202393027245, mae, 5730.428203630328, mse, 1468094096.3952618, nmse, 52.54001235961914
epoch, 41, r2, -0.2604423718620046, mae, 5596.108485500117, mse, 1465257053.9912717, nmse, 52.43848419189453
epoch, 42, r2, 0.01817070609232629, mae, 5626.617373497409, mse, 1457158155.5293016, nmse, 52.14863967895508
epoch, 43, r2, -0.28187592353294966, mae, 5638.885724074823, mse, 1454016772.7581048, nmse, 52.036216735839844
epoch, 44, r2, -0.1849280614082383, mae, 5723.703303843662, mse, 1442903697.2693267, nmse, 51.63850021362305
epoch, 45, r2, 0.031559926094158315, mae, 5758.18446026657, mse, 1440741457.1664588, nmse, 51.56112289428711
epoch, 46, r2, 0.11471587692157488, mae, 5703.746593751218, mse, 1434343279.3802993, nmse, 51.3321418762207
epoch, 47, r2, -0.05341252617678043, mae, 5748.688301371814, mse, 1436008521.7817955, nmse, 51.39173889160156
epoch, 48, r2, -0.06889424458808986, mae, 5727.048499813698, mse, 1436382568.8453865, nmse, 51.40512466430664
epoch, 49, r2, 0.0628890634616485, mae, 5734.512828493951, mse, 1413456837.2394016, nmse, 50.58466339111328
epoch, 50, r2, -0.004315792559902236, mae, 5742.401747401515, mse, 1444425983.2038653, nmse, 51.6929817199707
epoch, 51, r2, 0.10257307268240778, mae, 5705.782251372301, mse, 1416864284.9588528, nmse, 50.70660400390625
epoch, 52, r2, 0.00783164299217471, mae, 5735.5407762028035, mse, 1417452789.1296759, nmse, 50.72766876220703
epoch, 53, r2, -0.12061646629013822, mae, 5764.580852251695, mse, 1399200947.457606, nmse, 50.07447052001953
epoch, 54, r2, -0.3128174719861869, mae, 5739.084646172654, mse, 1411791810.6957605, nmse, 50.52507400512695
epoch, 55, r2, 0.028577100392160437, mae, 5737.1735154910575, mse, 1398199150.3478804, nmse, 50.03861999511719
epoch, 56, r2, -0.019745483794602642, mae, 5751.875009589065, mse, 1379949556.71197, nmse, 49.38550567626953
epoch, 57, r2, -0.13750637911140773, mae, 5744.9131008538225, mse, 1371169511.8622193, nmse, 49.071285247802734
epoch, 58, r2, 0.08263041895041798, mae, 5667.192435324044, mse, 1385444869.8110971, nmse, 49.58217239379883
epoch, 59, r2, -0.7818356036579288, mae, 5624.092825492421, mse, 1363578187.0087283, nmse, 48.79961013793945
epoch, 60, r2, 0.07251622273184753, mae, 5671.8303960862, mse, 1356787380.382793, nmse, 48.556575775146484
epoch, 61, r2, 0.0711071367880954, mae, 5644.520348146966, mse, 1351782622.4501247, nmse, 48.377471923828125
epoch, 62, r2, -0.5389551823790066, mae, 5739.8407699318595, mse, 1358130668.1402743, nmse, 48.604652404785156
epoch, 63, r2, -37.05522656954515, mae, 5694.779799463743, mse, 1375307835.0798006, nmse, 49.21938705444336
epoch, 64, r2, -0.004079861717698231, mae, 5594.233133292258, mse, 1346521008.7668328, nmse, 48.18916702270508
epoch, 65, r2, -1.838854657270829, mae, 5663.694740504695, mse, 1360500013.7032418, nmse, 48.68944549560547
epoch, 66, r2, -0.011968580816904207, mae, 5645.028161103589, mse, 1340530246.7531173, nmse, 47.97477340698242
epoch, 67, r2, 0.10842330095077823, mae, 5659.602043627504, mse, 1361138813.974439, nmse, 48.71230697631836
epoch, 68, r2, 0.24993070704592904, mae, 5717.951323930165, mse, 1346211130.8229427, nmse, 48.17807388305664
epoch, 69, r2, 0.29137058095658613, mae, 5729.56361324472, mse, 1328541119.6221945, nmse, 47.54570388793945
epoch, 70, r2, 0.15826283613195116, mae, 5653.113372574423, mse, 1324008542.3509974, nmse, 47.38349533081055
epoch, 71, r2, -0.30801234059693594, mae, 5746.285797195244, mse, 1328380639.9289277, nmse, 47.53996276855469
epoch, 72, r2, -0.031170083088660035, mae, 5693.811782798863, mse, 1314624824.4725685, nmse, 47.04766845703125
epoch, 73, r2, 0.02962219681192917, mae, 5655.141646311467, mse, 1343172224.3859103, nmse, 48.06932067871094
epoch, 74, r2, 0.0933076147271259, mae, 5763.248304562081, mse, 1326917636.8229427, nmse, 47.48760223388672
epoch, 75, r2, 0.16939587007706436, mae, 5651.145537492937, mse, 1323673871.8965087, nmse, 47.371517181396484
epoch, 0, r2, -0.033804482882216234, mae, 5265.8680238795105, mse, 2387499468.891521, nmse, 85.44361114501953
epoch, 1, r2, 0.03390122063275095, mae, 5382.551295178192, mse, 2358386578.444981, nmse, 84.40171813964844
epoch, 2, r2, 0.1458441923573611, mae, 5655.967003877026, mse, 2301673502.992207, nmse, 82.3720703125
epoch, 3, r2, -1.8641027866540592, mae, 5607.196976735408, mse, 2231378229.55798, nmse, 79.85635375976562
epoch, 4, r2, 0.3063271123973612, mae, 5499.920506503517, mse, 2162837032.316085, nmse, 77.40340423583984
epoch, 5, r2, 0.33194746174385137, mae, 5189.972613631936, mse, 2106347038.6352868, nmse, 75.38175201416016
epoch, 6, r2, 0.2691347957622785, mae, 4908.255807776701, mse, 2041012549.313591, nmse, 73.04356384277344
epoch, 7, r2, -126.33561168048539, mae, 4765.445288451235, mse, 1983042032.471945, nmse, 70.96892547607422
epoch, 8, r2, -1.2194032370635262, mae, 4681.979117605157, mse, 1938795209.1140897, nmse, 69.38542175292969
epoch, 9, r2, -7.386029772518539, mae, 4659.8926938026025, mse, 1903694227.3553617, nmse, 68.12922668457031
epoch, 10, r2, -14.789872595936266, mae, 4621.618640471575, mse, 1864251287.6932669, nmse, 66.7176513671875
epoch, 11, r2, -0.6875911347181327, mae, 4651.744563913702, mse, 1845353669.4638405, nmse, 66.04134368896484
epoch, 12, r2, -0.9039407870125576, mae, 4624.129165763569, mse, 1830445141.8223193, nmse, 65.50779724121094
epoch, 13, r2, -3.6784602164731117, mae, 4673.263085724409, mse, 1806341085.881546, nmse, 64.6451644897461
epoch, 14, r2, -1.2486482090265711, mae, 4689.792035871016, mse, 1789143379.0243142, nmse, 64.02969360351562
epoch, 15, r2, -1.7294578334626074, mae, 4702.260217224273, mse, 1773360454.3865337, nmse, 63.46485900878906
epoch, 16, r2, -2.9629808170889294, mae, 4757.5125252968655, mse, 1776201501.8591022, nmse, 63.566532135009766
epoch, 17, r2, -1.4900237547161344, mae, 4738.025532177856, mse, 1752945964.158354, nmse, 62.7342643737793
epoch, 18, r2, -1.8369262247546296, mae, 4738.179877759215, mse, 1748245751.689526, nmse, 62.56605529785156
epoch, 19, r2, -0.9815266375266397, mae, 4642.071250706243, mse, 1723584171.30798, nmse, 61.683467864990234
epoch, 20, r2, -1.3901449002703044, mae, 4743.701528040251, mse, 1719241938.4962595, nmse, 61.528072357177734
epoch, 21, r2, -0.8083365565422548, mae, 4743.864869077307, mse, 1702365489.2992518, nmse, 60.924095153808594
epoch, 22, r2, -0.6334130494602226, mae, 4878.602312273515, mse, 1694417711.7032418, nmse, 60.6396598815918
epoch, 23, r2, -1.7824200820917997, mae, 4798.831955146314, mse, 1680172198.0274315, nmse, 60.129844665527344
epoch, 24, r2, -0.713333406342835, mae, 4938.508486322036, mse, 1649808765.682045, nmse, 59.0432014465332
epoch, 25, r2, -0.23433970695656606, mae, 5176.0413652453335, mse, 1641765960.2094762, nmse, 58.755367279052734
epoch, 26, r2, -0.1535076001557505, mae, 5228.456132161053, mse, 1632949211.4214463, nmse, 58.43983459472656
epoch, 27, r2, -0.05838483688279461, mae, 5094.806774110865, mse, 1596976847.71197, nmse, 57.15245819091797
epoch, 28, r2, -0.1713773261087143, mae, 5092.463660642096, mse, 1588717245.9438903, nmse, 56.85686111450195
epoch, 29, r2, -0.7880129618813285, mae, 5273.526522134605, mse, 1584727073.6945138, nmse, 56.71406173706055
epoch, 30, r2, -0.06586000590802164, mae, 5292.489035285322, mse, 1571974390.690773, nmse, 56.25767135620117
epoch, 31, r2, 0.12576787988531474, mae, 5324.934423127971, mse, 1552485619.339152, nmse, 55.560211181640625
epoch, 32, r2, -3.0499823407097697, mae, 5400.303475929318, mse, 1558811652.214464, nmse, 55.78660583496094
epoch, 33, r2, 0.059637752260052926, mae, 5464.362772268548, mse, 1543873180.5698254, nmse, 55.25198745727539
epoch, 34, r2, -6.3825917523602875, mae, 5442.676343199618, mse, 1522777091.6246884, nmse, 54.49700164794922
epoch, 35, r2, 0.25167992282255086, mae, 5426.119167109083, mse, 1507516908.312344, nmse, 53.95087432861328
epoch, 36, r2, -0.1176469614157701, mae, 5561.7827723781365, mse, 1518050356.255611, nmse, 54.327842712402344
epoch, 37, r2, 0.10588080553641435, mae, 5562.591091241622, mse, 1500703719.7680798, nmse, 53.7070426940918
epoch, 38, r2, -0.06652068386158311, mae, 5537.631056026925, mse, 1489028558.0081048, nmse, 53.289215087890625
epoch, 39, r2, 0.046125434287010325, mae, 5636.054482476669, mse, 1494653567.7094762, nmse, 53.49052047729492
epoch, 40, r2, 0.19507523578881458, mae, 5519.47021134298, mse, 1467319097.509975, nmse, 52.51227569580078
epoch, 41, r2, 0.1439276849910097, mae, 5522.992019919683, mse, 1473948949.7431421, nmse, 52.74954605102539
epoch, 42, r2, -0.1691916488759237, mae, 5653.291250937597, mse, 1468505309.0885286, nmse, 52.55472946166992
epoch, 43, r2, 0.06952353202389355, mae, 5578.272252717815, mse, 1465775710.2238154, nmse, 52.4570426940918
epoch, 44, r2, -0.024464095247894703, mae, 5705.153410419264, mse, 1456262512.0024939, nmse, 52.11658477783203
epoch, 45, r2, -0.18963661267587023, mae, 5703.20644738252, mse, 1448610347.3840399, nmse, 51.84272766113281
epoch, 46, r2, 0.04299531006103773, mae, 5741.001950080852, mse, 1437704011.7955112, nmse, 51.45241928100586
epoch, 47, r2, -14.04696041282487, mae, 5656.326144934295, mse, 1434371882.3273067, nmse, 51.33316421508789
epoch, 48, r2, -0.023011478996435374, mae, 5706.240751727858, mse, 1433242109.2057357, nmse, 51.29273223876953
epoch, 49, r2, 0.18802461063903939, mae, 5762.869900596409, mse, 1419658666.5, nmse, 50.806610107421875
epoch, 50, r2, -3.814417950149593, mae, 5713.14442409601, mse, 1414888304.1783042, nmse, 50.63589096069336
epoch, 51, r2, 0.12676083304339636, mae, 5679.08649183925, mse, 1410256175.627182, nmse, 50.47011184692383
epoch, 52, r2, 0.06707198531520439, mae, 5750.754359066932, mse, 1399144196.4014962, nmse, 50.07244110107422
epoch, 53, r2, -6.537749300509536, mae, 5667.9942075962435, mse, 1409182485.245636, nmse, 50.43169021606445
epoch, 54, r2, 0.06902407082639266, mae, 5713.444007169576, mse, 1388704578.6995013, nmse, 49.698829650878906
epoch, 55, r2, 0.1949191143749764, mae, 5671.073481914112, mse, 1384682841.4962595, nmse, 49.554901123046875
epoch, 56, r2, -0.01776812445152984, mae, 5892.024666726737, mse, 1395923463.7475061, nmse, 49.957176208496094
epoch, 57, r2, -0.26498141382924395, mae, 5826.268594565831, mse, 1404131519.6945138, nmse, 50.25092315673828
epoch, 58, r2, -0.3004009390253057, mae, 5865.67308443978, mse, 1401733117.3896508, nmse, 50.16509246826172
epoch, 59, r2, 0.12256937518440492, mae, 5815.476102224907, mse, 1383422335.3279302, nmse, 49.509788513183594
epoch, 60, r2, -0.04399372714579376, mae, 5741.209309794362, mse, 1368334118.347257, nmse, 48.969810485839844
epoch, 61, r2, -0.23254421666623779, mae, 5741.058532410429, mse, 1374658187.7406483, nmse, 49.196136474609375
epoch, 62, r2, 0.1839153544241437, mae, 5721.691051911237, mse, 1366778690.406484, nmse, 48.91415023803711
epoch, 63, r2, -0.07314112275601212, mae, 5769.7318912801, mse, 1363681334.2718205, nmse, 48.80329895019531
epoch, 64, r2, 0.11298600646241141, mae, 5794.899454701868, mse, 1366500585.488778, nmse, 48.90419387817383
epoch, 65, r2, 0.07217599032308084, mae, 5733.319552224176, mse, 1347950137.3977556, nmse, 48.24031066894531
epoch, 66, r2, -7.6401928098710865, mae, 5726.00807429668, mse, 1351202627.125935, nmse, 48.35671615600586
epoch, 67, r2, -0.4143738243129467, mae, 5689.315585852264, mse, 1342855119.4021196, nmse, 48.05797576904297
epoch, 68, r2, -0.3028221133207001, mae, 5735.507079469296, mse, 1347228731.1190772, nmse, 48.21449279785156
epoch, 69, r2, -0.068300142935213, mae, 5781.748824654672, mse, 1330188067.6047382, nmse, 47.604644775390625
epoch, 70, r2, -0.06252647993057929, mae, 5783.305463605391, mse, 1349320282.0548627, nmse, 48.28934860229492
epoch, 71, r2, 0.1269964055737069, mae, 5754.721557769395, mse, 1350112081.1458852, nmse, 48.317684173583984
epoch, 72, r2, 0.07757504553132312, mae, 5797.576509318744, mse, 1327012817.6346633, nmse, 47.49101257324219
epoch, 73, r2, 0.1404251114107345, mae, 5765.3851956108265, mse, 1326800030.19202, nmse, 47.483394622802734
epoch, 74, r2, 0.2130404843519901, mae, 5696.956361841977, mse, 1323153147.9875312, nmse, 47.352882385253906
epoch, 75, r2, 0.06496204798373327, mae, 5828.896828668076, mse, 1324499240.1658354, nmse, 47.40105438232422
epoch, 76, r2, -0.0739967116018788, mae, 5913.601076349653, mse, 1333213777.2793016, nmse, 47.71293258666992
epoch, 0, r2, -0.04451162450252841, mae, 63.72848926101837, mse, 302372.2301232012, nmse, 57.29296112060547
epoch, 1, r2, 0.24037314646942207, mae, 62.99454501620552, mse, 202154.815758151, nmse, 38.3039436340332
epoch, 2, r2, 0.41371016459022736, mae, 63.30678978822475, mse, 142169.87809742003, nmse, 26.938100814819336
epoch, 3, r2, 0.3583691758862641, mae, 58.72908671895168, mse, 112475.43039214403, nmse, 21.311649322509766
epoch, 4, r2, 0.3267391753976511, mae, 56.86885459405229, mse, 96207.68271338256, nmse, 18.229263305664062
epoch, 5, r2, -0.49009125274118437, mae, 52.06000139945166, mse, 82379.04495315361, nmse, 15.609038352966309
epoch, 6, r2, 0.5894689412923529, mae, 51.48588927547236, mse, 73334.6642545096, nmse, 13.89532470703125
epoch, 7, r2, 0.5949934086936874, mae, 51.55040340946797, mse, 63216.020120749155, nmse, 11.97806167602539
epoch, 8, r2, 0.5380348918128601, mae, 54.99046415818897, mse, 64298.22820755728, nmse, 12.18311595916748
epoch, 9, r2, 0.4917904249047729, mae, 51.417529089492454, mse, 52367.685020465804, nmse, 9.922537803649902
epoch, 10, r2, 0.5914224581994505, mae, 49.20986682577918, mse, 46786.82872028303, nmse, 8.865086555480957
epoch, 11, r2, -0.939346702801681, mae, 49.1333856606424, mse, 43342.584395258804, nmse, 8.212477684020996
epoch, 12, r2, 0.6033374835369442, mae, 49.20822759281073, mse, 42463.96195234265, nmse, 8.045997619628906
epoch, 13, r2, 0.6530394100232793, mae, 49.58190810234469, mse, 38859.78524863988, nmse, 7.363084316253662
epoch, 14, r2, 0.6608689706425227, mae, 50.61654380075355, mse, 39440.896309945354, nmse, 7.47319221496582
epoch, 15, r2, 0.6687310792894146, mae, 47.222050129326796, mse, 36926.96807960263, nmse, 6.996857643127441
epoch, 16, r2, -1.9907012241503463, mae, 48.45034366831221, mse, 35568.69681714598, nmse, 6.739494323730469
epoch, 17, r2, 0.6692931298004752, mae, 46.104565159043766, mse, 32282.251875347032, nmse, 6.116785049438477
epoch, 18, r2, 0.6876980545612891, mae, 47.300082734695394, mse, 35726.44500169255, nmse, 6.769384860992432
epoch, 19, r2, 0.7213667178192253, mae, 45.57506105608476, mse, 32617.15835510406, nmse, 6.180242538452148
epoch, 20, r2, 0.660547420459559, mae, 48.80221132387842, mse, 33706.59816355717, nmse, 6.386667728424072
epoch, 21, r2, 0.6853301355853914, mae, 45.86537813724128, mse, 30998.415273385748, nmse, 5.873526096343994
epoch, 22, r2, 0.7246818151565438, mae, 44.087984819959225, mse, 30696.425861006664, nmse, 5.816305160522461
epoch, 23, r2, 0.7053808592597773, mae, 45.316845889103384, mse, 28147.405432341995, nmse, 5.333321571350098
epoch, 24, r2, 0.6075794301316175, mae, 46.221853363246396, mse, 39003.37928966037, nmse, 7.390292644500732
epoch, 25, r2, 0.6333509143723769, mae, 48.922284713707064, mse, 30376.213634614636, nmse, 5.755631923675537
epoch, 26, r2, 0.7253697373802037, mae, 45.63030005095903, mse, 31065.91037177564, nmse, 5.886314868927002
epoch, 27, r2, 0.7183666563193292, mae, 42.05125916450101, mse, 25609.11244095115, nmse, 4.852370262145996
epoch, 28, r2, 0.38668641524018993, mae, 41.74958223357165, mse, 26534.591002504723, nmse, 5.02772855758667
epoch, 29, r2, 0.6351231219238439, mae, 41.1959683092455, mse, 25594.168401247247, nmse, 4.849538326263428
epoch, 30, r2, 0.7070161119906673, mae, 43.03461938962675, mse, 32889.26209805077, nmse, 6.231800079345703
epoch, 31, r2, 0.7355048764758075, mae, 41.561140701360536, mse, 29761.014396914816, nmse, 5.639065265655518
epoch, 32, r2, 0.748286484919896, mae, 39.48610124920966, mse, 26278.498907036912, nmse, 4.979204177856445
epoch, 33, r2, 0.7298604173902759, mae, 39.120342667263344, mse, 29913.312568036694, nmse, 5.667922496795654
epoch, 34, r2, 0.6442606946700421, mae, 39.3907730775581, mse, 25401.808171640903, nmse, 4.8130903244018555
epoch, 35, r2, 0.7513115795292182, mae, 43.14618935549348, mse, 62925.999170051255, nmse, 11.92310905456543
epoch, 36, r2, 0.7007756507057546, mae, 46.014001575194094, mse, 29634.39845568878, nmse, 5.615074157714844
epoch, 37, r2, 0.5900177168975587, mae, 41.08372217758635, mse, 28083.77128886463, nmse, 5.321264266967773
epoch, 38, r2, 0.7319716212040159, mae, 38.51526049544984, mse, 25513.67045680781, nmse, 4.834285736083984
epoch, 39, r2, 0.7384773143831064, mae, 38.91330559414224, mse, 27589.3917254593, nmse, 5.227590084075928
epoch, 40, r2, 0.752539310707963, mae, 38.145507519976455, mse, 23524.976889593643, nmse, 4.45747184753418
epoch, 41, r2, 0.7286071873816362, mae, 38.114436458768395, mse, 25313.49925505907, nmse, 4.796358108520508
epoch, 42, r2, 0.7593493906561303, mae, 37.90169255454047, mse, 24863.68260763649, nmse, 4.711127281188965
epoch, 43, r2, 0.7431990496161716, mae, 37.45531091547369, mse, 26750.183047706054, nmse, 5.068578243255615
epoch, 44, r2, 0.7832794564322221, mae, 36.900983835396325, mse, 24260.840798546848, nmse, 4.596901893615723
epoch, 45, r2, 0.7597905957266996, mae, 37.4444035972443, mse, 24896.34472104498, nmse, 4.717316150665283
epoch, 46, r2, 0.7526502582676168, mae, 37.911523046041665, mse, 26521.260674949892, nmse, 5.02520227432251
epoch, 47, r2, 0.7666930475175141, mae, 36.97341855208475, mse, 27332.083064890263, nmse, 5.178835868835449
epoch, 48, r2, 0.7714306651687147, mae, 36.5664214695481, mse, 24355.474546893875, nmse, 4.614832878112793
epoch, 49, r2, 0.7573687401608847, mae, 37.30022868729589, mse, 24584.24578880253, nmse, 4.658180236816406
epoch, 50, r2, 0.7233066117188811, mae, 36.22374528542421, mse, 23646.76470954876, nmse, 4.480547904968262
epoch, 51, r2, 0.7504316782457762, mae, 36.79585093334131, mse, 24838.945152111482, nmse, 4.706439971923828
epoch, 52, r2, 0.744746237104393, mae, 37.46443677840387, mse, 24623.902937929528, nmse, 4.665694236755371
epoch, 53, r2, 0.7483033382561907, mae, 36.40372381781105, mse, 25029.415244504402, nmse, 4.742530345916748
epoch, 54, r2, 0.7544542110222988, mae, 36.42530756638829, mse, 23970.982931313076, nmse, 4.541980266571045
epoch, 55, r2, 0.7349049384363318, mae, 37.13498952085538, mse, 26153.45836728826, nmse, 4.955512046813965
epoch, 56, r2, 0.7415840289114873, mae, 36.847446987456514, mse, 22828.237230904975, nmse, 4.3254547119140625
epoch, 57, r2, 0.12967131882691807, mae, 35.737460746432184, mse, 24445.06081342816, nmse, 4.631807804107666
epoch, 58, r2, 0.6436413053903913, mae, 35.51608170535499, mse, 22341.81716618336, nmse, 4.233288764953613
epoch, 59, r2, 0.7485675590711235, mae, 35.71791279761869, mse, 21783.668075142952, nmse, 4.1275315284729
epoch, 60, r2, 0.764750185873029, mae, 36.2138327363126, mse, 25431.905744709577, nmse, 4.818793296813965
epoch, 61, r2, 0.759199148091666, mae, 37.16441158404077, mse, 25798.99820273535, nmse, 4.888349533081055
epoch, 62, r2, 0.7504886721578305, mae, 35.98847880327791, mse, 23608.779938086605, nmse, 4.473350524902344
epoch, 63, r2, 0.7582546888299981, mae, 34.452853508423686, mse, 20175.2522989782, nmse, 3.8227717876434326
epoch, 64, r2, 0.7718724508038566, mae, 36.464103869963765, mse, 27847.750125228617, nmse, 5.276543140411377
epoch, 65, r2, 0.7660436920251185, mae, 37.07111941905985, mse, 21454.89278486066, nmse, 4.065235614776611
epoch, 66, r2, 0.7916783552157658, mae, 33.67331634792604, mse, 20855.52287467519, nmse, 3.9516682624816895
epoch, 67, r2, 0.7658514865082225, mae, 34.96891752918462, mse, 24298.228252230143, nmse, 4.6039862632751465
epoch, 68, r2, 0.7582342560852482, mae, 33.65020036340652, mse, 21119.924791102992, nmse, 4.001766681671143
epoch, 69, r2, 0.7880551137307672, mae, 34.002971818024974, mse, 19715.13231261294, nmse, 3.735589027404785
epoch, 70, r2, 0.7446707029473392, mae, 34.92952249174998, mse, 22648.945777797937, nmse, 4.291482925415039
epoch, 71, r2, 0.7643123056679209, mae, 34.967297935723664, mse, 24579.58452882077, nmse, 4.657296657562256
epoch, 72, r2, 0.7537259165649574, mae, 34.73071119731799, mse, 21220.613776000064, nmse, 4.02084493637085
epoch, 73, r2, 0.7744637969599738, mae, 35.82327588240702, mse, 22974.14030483179, nmse, 4.353100299835205
epoch, 74, r2, 0.7814235278660284, mae, 34.74527025698426, mse, 21002.935227429778, nmse, 3.979599714279175
epoch, 75, r2, 0.7879748738341685, mae, 34.4649219013509, mse, 20708.735260884958, nmse, 3.9238550662994385
epoch, 76, r2, 0.7747888163545199, mae, 33.78280522995756, mse, 20290.92428402413, nmse, 3.844688892364502
epoch, 77, r2, 0.7355101822585858, mae, 33.931967443956104, mse, 18756.883034532504, nmse, 3.5540215969085693
epoch, 78, r2, 0.7490965227609285, mae, 34.28516152731498, mse, 22758.46573941428, nmse, 4.312234401702881
epoch, 79, r2, 0.7968859442227837, mae, 32.89740290843935, mse, 19711.455426603778, nmse, 3.7348921298980713
epoch, 80, r2, 0.7475469659029662, mae, 34.501266687588206, mse, 20489.60765170813, nmse, 3.8823351860046387
epoch, 81, r2, 0.7360341503505228, mae, 35.07477376942623, mse, 26623.42030235538, nmse, 5.044559478759766
epoch, 82, r2, 0.7835059781823911, mae, 34.15438082806784, mse, 19620.145191183114, nmse, 3.717590808868408
epoch, 83, r2, 0.7698033354173759, mae, 33.41075620627463, mse, 20712.660596966445, nmse, 3.9245989322662354
epoch, 84, r2, 0.792410694757743, mae, 34.764661480958324, mse, 19943.065539619274, nmse, 3.778777599334717
epoch, 85, r2, 0.7806960729652682, mae, 33.6583905945395, mse, 18394.91756802604, nmse, 3.4854371547698975
epoch, 86, r2, 0.7842845021778445, mae, 33.271343772250816, mse, 19213.524038262498, nmse, 3.640545129776001
epoch, 87, r2, 0.8025115497288942, mae, 33.524702432446944, mse, 18863.41148011167, nmse, 3.574206590652466
epoch, 88, r2, 0.7756688365832528, mae, 36.28528002313248, mse, 23767.993834555, nmse, 4.503518104553223
